"ciudad","anio","modalidad_de_contratacion","contratos","valor"
"Ráquira","2025","Mínima cuantía","17","347943431.96"
"Campohermoso","2023","Contratación régimen especial (con ofertas)","1","479779000"
"La Uvita","2020","Contratación régimen especial (con ofertas)","1","33926425"
"Chiquinquirá","2021","Contratación régimen especial (con ofertas)","2","270000000"
"Duitama","2020","Contratación régimen especial","1","20000000000"
"Betéitiva","2026","Contratación directa","54","939696704"
"Paz De Río","2024","Contratación régimen especial","10","593766807"
"Tinjacá","2025","Contratación régimen especial (con ofertas)","10","1501903881.32"
"Saboyá","2020","Contratación régimen especial (con ofertas)","2","751666026.34"
"San Eduardo","2025","Contratación directa","55","1275379660.43"
"Paz De Río","2023","Contratación directa","5","150684600"
"Oicatá","2026","Mínima cuantía","24","524223544.83"
"Caldas","2025","Selección Abreviada de Menor Cuantía","15","2388358514.91"
"Sogamoso","2022","Selección Abreviada de Menor Cuantía","32","7967154186.30"
"Campohermoso","2025","Contratación régimen especial (con ofertas)","10","3274431457.79"
"Puerto Boyacá","2023","Mínima cuantía","145","2868419356.57"
"Pesca","2024","Contratación régimen especial (con ofertas)","14","2937644176.20"
"Tunja","2022","Contratación Directa (con ofertas)","66","19372426594"
"Chiquinquirá","2021","Contratación Directa (con ofertas)","29","3511696899.92"
"San Eduardo","2025","Concurso de méritos abierto","2","734140581"
"Samacá","2026","Contratación directa","256","5850324753.8"
"San Eduardo","2024","Mínima cuantía","47","793885464.4"
"Garagoa","2026","Contratación directa","88","4352006043.27"
"Sogamoso","2020","Contratación directa","459","14247037295"
"San Miguel De Sema","2024","Contratación régimen especial (con ofertas)","6","1400683290.41"
"Guateque","2023","Contratación directa","13","46999000"
"Ciénega","2018","Contratación régimen especial (con ofertas)","1","275635374"
"Sotaquirá","2023","Contratación directa","2","13170000"
"Puerto Boyacá","2026","Contratación régimen especial","51","2845571652"
"Chita","2024","Contratación directa","127","2117267860.8"
"Chita","2023","Contratación directa","10","41577734"
"Pachavita","2024","Mínima cuantía","13","237107348.55"
"Gameza","2020","Contratación régimen especial (con ofertas)","3","328118000"
"Turmequé","2026","Contratación régimen especial (con ofertas)","2","571996250"
"Santana","2023","Contratación directa","36","119780958"
"Sora","2025","Contratación directa","85","1261370470.6"
"Duitama","2025","Selección abreviada subasta inversa","2","1545445105"
"No Definido","2021","Concurso de méritos abierto","2","317906882"
"Puerto Boyacá","2023","Selección abreviada subasta inversa","16","2561463554"
"Cerinza","2026","Contratación régimen especial (con ofertas)","8","1102563246.69"
"Maripí","2022","Contratación régimen especial (con ofertas)","3","1098358411.89"
"Miraflores","2021","Contratación régimen especial","2","105739000"
"Soatá","2023","Contratación régimen especial (con ofertas)","3","600854571"
"Guateque","2025","Contratación régimen especial","3","752851044"
"Ráquira","2025","Contratación Directa (con ofertas)","4","211904000"
"Tutazá","2022","Contratación régimen especial (con ofertas)","2","429703228"
"Rondón","2021","Contratación régimen especial (con ofertas)","1","225214000"
"Miraflores","2023","Seleccion Abreviada Menor Cuantia Sin Manifestacion Interes","2","1063814707.05"
"Boavita","2025","Mínima cuantía","66","1365088683.61"
"Paya","2025","Concurso de méritos abierto","4","608867960"
"Gameza","2023","Contratación directa","1","9937000"
"Villa De Leyva","2026","Licitación pública","2","1271075277"
"Garagoa","2023","Contratación directa","58","1215939922.39"
"Puerto Boyacá","2024","Selección Abreviada de Menor Cuantía","15","3445871156"
"Turmequé","2022","Contratación régimen especial","26","172376000"
"Cómbita","2026","Concurso de méritos abierto","1","561338112"
"Susacón","2025","Contratación régimen especial (con ofertas)","5","807355803"
"Tibasosa","2022","Contratación régimen especial (con ofertas)","7","1318668077"
"San Eduardo","2024","Selección abreviada subasta inversa","4","353130307.5"
"Miraflores","2023","Contratación régimen especial","31","643149439"
"Floresta","2018","Contratación régimen especial (con ofertas)","1","98903343"
"Socotá","2023","Contratación régimen especial (con ofertas)","8","1955788410.74"
"Duitama","2022","Contratación directa","808","28566253116.01"
"Somondoco","2026","Selección Abreviada de Menor Cuantía","6","1200181699.07"
"Paya","2025","Licitación pública Obra Publica","1","1510501033.84"
"Caldas","2023","Selección Abreviada de Menor Cuantía","1","85911201.93"
"Aquitania","2026","Contratación régimen especial (con ofertas)","3","3996809508.91"
"Moniquirá","2026","Selección abreviada subasta inversa","2","4702825743.75"
"Moniquirá","2023","Mínima cuantía","83","1342011584.77"
"Tuta","2026","Contratación régimen especial (con ofertas)","6","4383475030.43"
"Tunja","2024","Selección Abreviada de Menor Cuantía","66","21824536919.28"
"Santa María","2023","Mínima cuantía","9","218316285"
"Chitaraque","2023","Contratación directa","2","5940000"
"Covarachía","2023","Contratación régimen especial","8","1065414509.91"
"Tibasosa","2021","Contratación régimen especial","8","2508590002"
"Betéitiva","2026","Selección Abreviada de Menor Cuantía","1","129925530"
"Tunja","2018","Contratación régimen especial","18","423850000"
"Chivor","2026","Contratación régimen especial (con ofertas)","4","796755652.98"
"Gachantivá","2025","Contratación directa","74","822970066.67"
"Santa María","2026","Contratación régimen especial (con ofertas)","4","1013666799.47"
"El Espino","2026","Contratación régimen especial (con ofertas)","1","340992100"
"No Definido","2023","Contratación régimen especial","98","2927986204.54"
"Chivatá","2026","Contratación régimen especial","1","86000000"
"Iza","2026","Contratación régimen especial (con ofertas)","5","945774724.98"
"Sutamarchán","2021","Contratación régimen especial (con ofertas)","4","864200876"
"Motavita","2025","Contratación régimen especial (con ofertas)","2","288799952"
"Somondoco","2025","Concurso de méritos abierto","5","905028487.19"
"Corrales","2022","Contratación régimen especial (con ofertas)","5","779720706.63"
"Caldas","2026","Selección Abreviada de Menor Cuantía","8","1393721632.12"
"Duitama","2024","Licitación pública","6","14049777836.18"
"Briceño","2025","Mínima cuantía","51","1089230806.55"
"Paipa","2025","Contratación régimen especial (con ofertas)","1","272128000"
"Sogamoso","2026","Contratación directa","1715","54532393096.90"
"Ramiriquí","2023","Mínima cuantía","46","891483090.07"
"Puerto Boyacá","2025","Contratación régimen especial (con ofertas)","23","41049728862"
"Chita","2018","Contratación régimen especial (con ofertas)","1","492303000"
"Guateque","2024","Selección Abreviada de Menor Cuantía","6","1095760706.48"
"Susacón","2023","Contratación régimen especial (con ofertas)","4","427394048"
"Umbita","2026","Contratación régimen especial (con ofertas)","4","865460000"
"Duitama","2026","Contratación directa","784","35729185158.44"
"Tibasosa","2025","Contratación régimen especial (con ofertas)","13","5226011875.84"
"Chiquinquirá","2023","Contratación régimen especial (con ofertas)","10","8538842342.32"
"Tasco","2025","Contratación directa","103","3770864268.25"
"Guateque","2026","Selección abreviada subasta inversa","5","819136595"
"Paipa","2023","Contratación Directa (con ofertas)","4","83445652"
"Briceño","2026","Contratación Directa (con ofertas)","3","125426366"
"Gachantivá","2024","Contratación Directa (con ofertas)","1","93127671.4"
"Soracá","2022","Contratación régimen especial (con ofertas)","2","230736548"
"Buenavista","2023","Contratación régimen especial (con ofertas)","4","1248271889.96"
"Sogamoso","2023","Selección abreviada subasta inversa","26","2809180421.31"
"Miraflores","2025","Selección abreviada subasta inversa","5","1241035066"
"Pachavita","2018","Contratación régimen especial (con ofertas)","2","144144107.2"
"Aquitania","2022","Contratación directa","7","85346262"
"Iza","2024","Contratación Directa (con ofertas)","2","35000000"
"Ramiriquí","2020","Contratación régimen especial (con ofertas)","3","561053124"
"Tibasosa","2024","Contratación régimen especial","18","1654107283.74"
"Ramiriquí","2023","Selección abreviada subasta inversa","6","1768413626.79"
"Tunja","2024","Licitación pública Obra Publica","9","30646340777.36"
"Paya","2025","Contratación directa","152","3806068568.60"
"Firavitoba","2023","Contratación régimen especial (con ofertas)","7","1233223541.38"
"Quípama","2022","Selección Abreviada de Menor Cuantía","1","35856000"
"San Mateo","2024","Contratación régimen especial (con ofertas)","7","1291610804.33"
"Belén","2018","Contratación régimen especial (con ofertas)","4","461660035"
"Tibasosa","2023","Mínima cuantía","54","988380646.77"
"Siachoque","2024","Mínima cuantía","1","9580500"
"Rondón","2022","Contratación régimen especial (con ofertas)","1","335107200"
"Iza","2024","Contratación régimen especial (con ofertas)","10","1208225253.73"
"Chíquiza","2017","Contratación régimen especial (con ofertas)","1","508477218"
"Ramiriquí","2024","Mínima cuantía","86","1681342928.58"
"Maripí","2024","Seleccion Abreviada Menor Cuantia Sin Manifestacion Interes","1","595737005"
"Tunja","2023","Selección Abreviada de Menor Cuantía","83","21777992113.35"
"Ciénega","2024","Contratación régimen especial (con ofertas)","8","1676581430.67"
"Tasco","2024","Mínima cuantía","32","949359753.41"
"Pisba","2023","Selección abreviada subasta inversa","1","54575661"
"Ciénega","2018","Contratación régimen especial","1","337610000"
"Paz De Río","2025","Contratación directa","135","1956828544"
"Oicatá","2025","Contratación directa","32","933299069"
"Covarachía","2026","Contratación régimen especial (con ofertas)","3","466394418.7"
"Tinjacá","2024","Contratación Directa (con ofertas)","3","221078247.01"
"Tunja","2026","Licitación pública","12","108319255575.67"
"Santana","2025","Selección abreviada subasta inversa","2","272912493.66"
"Tota","2023","Mínima cuantía","6","87795555.59"
"Cuítiva","2018","Contratación régimen especial (con ofertas)","2","137910000"
"Santa Rosa De Viterbo","2021","Contratación régimen especial (con ofertas)","1","80000000"
"Somondoco","2026","Contratación directa","62","1144148359.3"
"Pesca","2020","Contratación régimen especial (con ofertas)","1","85623125"
"El Espino","2025","Contratación régimen especial (con ofertas)","1","308791542"
"Sogamoso","2024","Contratación régimen especial","2","2499000000"
"Aquitania","2023","Selección abreviada subasta inversa","6","649079650"
"Labranzagrande","2026","Contratación régimen especial (con ofertas)","1","1177897199.98"
"Guateque","2019","Contratación régimen especial (con ofertas)","4","1723081471"
"Tinjacá","2024","Selección Abreviada de Menor Cuantía","4","326803388"
"Villa De Leyva","2026","Contratación directa","200","7021889621.83"
"Duitama","2021","Licitación pública","1","487240013"
"Tota","2022","Selección Abreviada de Menor Cuantía","1","71712000"
"Duitama","2019","Mínima cuantía","33","370385928.92"
"Samacá","2026","Licitación pública Obra Publica","3","7815328620.39"
"Firavitoba","2025","Concurso de méritos abierto","1","57738000"
"Miraflores","2023","Contratación Directa (con ofertas)","4","43600000"
"Miraflores","2023","Concurso de méritos abierto","2","95522204.52"
"Santa Rosa De Viterbo","2024","Mínima cuantía","13","345595845"
"Miraflores","2025","Selección Abreviada de Menor Cuantía","8","1434924831.30"
"Duitama","2024","Contratación régimen especial (con ofertas)","8","7906379807.65"
"Cerinza","2024","Mínima cuantía","15","247012573"
"Santana","2025","Contratación régimen especial (con ofertas)","9","2205352716"
"Somondoco","2020","Contratación régimen especial (con ofertas)","1","152189900"
"Gachantivá","2020","Contratación régimen especial","2","117521800"
"Boyacá","2025","Contratación régimen especial (con ofertas)","3","618318991.67"
"Sora","2026","Mínima cuantía","30","660540654.64"
"Sora","2022","Contratación régimen especial (con ofertas)","6","848593614.18"
"Chiquinquirá","2025","Concurso de méritos abierto","1","76756414.85"
"Santa Rosa De Viterbo","2024","Contratación régimen especial (con ofertas)","7","2482744255.46"
"Tibasosa","2024","Contratación régimen especial (con ofertas)","10","4360369158.70"
"Santana","2021","Contratación régimen especial (con ofertas)","3","942863940"
"Santa Rosa De Viterbo","2018","Mínima cuantía","62","495443969.10"
"Macanal","2026","Contratación directa","52","2539893170.93"
"Miraflores","2025","Mínima cuantía","77","41126634714.52"
"Tunja","2023","Concurso de méritos abierto","20","11129299358.02"
"Ráquira","2018","Contratación régimen especial","1","101000000"
"Guateque","2025","Enajenación de bienes con subasta","1","64685040"
"Cucaita","2025","Contratación directa","79","1516357488"
"San Mateo","2026","Concurso de méritos abierto","1","64750000"
"Soatá","2024","Contratación Directa (con ofertas)","2","131758518"
"Chita","2026","Contratación directa","92","2354762619.78"
"Tenza","2026","Contratación régimen especial (con ofertas)","3","739734516.62"
"Duitama","2023","Selección abreviada subasta inversa","7","5923558833.6"
"San Pablo De Borbur","2024","Contratación régimen especial","4","65102510"
"Saboyá","2022","Contratación régimen especial","9","62660000"
"Pauna","2025","Mínima cuantía","45","32802205994.93"
"Ramiriquí","2018","Contratación régimen especial","1","453854400"
"Villa De Leyva","2021","Contratación régimen especial","2","48586000"
"Tinjacá","2021","Contratación régimen especial","1","96571280"
"Coper","2026","Selección abreviada subasta inversa","1","130734308"
"Somondoco","2025","Contratación régimen especial (con ofertas)","2","430472272"
"Tinjacá","2023","Contratación régimen especial (con ofertas)","37","343181874"
"Tuta","2023","Selección abreviada subasta inversa","2","128395100"
"Guateque","2021","Contratación régimen especial (con ofertas)","1","44839000"
"Monguí","2022","Mínima cuantía","1","24656079.86"
"Nuevo Colón","2023","Contratación directa","28","54840542"
"Boyacá","2025","Mínima cuantía","68","1900190810.05"
"Sotaquirá","2024","Selección Abreviada de Menor Cuantía","6","1071782559.51"
"Berbeo","2025","Contratación régimen especial (con ofertas)","12","1447777398.02"
"Socha","2026","Contratación régimen especial (con ofertas)","5","2190439852.15"
"Tota","2020","Contratación régimen especial (con ofertas)","1","136900000"
"Sáchica","2022","Contratación régimen especial","1","4500000"
"Toca","2025","Contratación directa","3","18000000"
"Cómbita","2024","Mínima cuantía","52","1185293340.52"
"Sora","2026","Licitación pública Obra Publica","1","708574000"
"Nobsa","2025","Selección Abreviada de Menor Cuantía","7","2054539041.65"
"Coper","2024","Mínima cuantía","37","714610159.2"
"Cómbita","2026","Enajenación de bienes con subasta","1","49285080"
"Paya","2024","Contratación régimen especial (con ofertas)","12","3419800801.70"
"El Cocuy","2026","Mínima cuantía","37","894706673.42"
"Villa De Leyva","2025","Selección abreviada subasta inversa","15","2658216016"
"Sotaquirá","2020","Contratación régimen especial (con ofertas)","2","331783809"
"Motavita","2024","Mínima cuantía","38","820885004.30"
"Belén","2026","Contratación directa","69","1501203025.2"
"Buenavista","2025","Contratación régimen especial (con ofertas)","10","1412973192"
"Chiquinquirá","2023","Licitación pública","4","4456695381.13"
"Berbeo","2019","Contratación régimen especial (con ofertas)","4","107852640.36"
"Cucaita","2026","Mínima cuantía","23","484644354.89"
"Pauna","2025","Concurso de méritos abierto","2","207045984.18"
"Villa De Leyva","2023","Contratación régimen especial (con ofertas)","21","6495795163.20"
"Socotá","2024","Contratación régimen especial","7","197521800"
"Tasco","2020","Licitación pública Obra Publica","1","787710302"
"Ciénega","2025","Contratación régimen especial (con ofertas)","6","1933840304.48"
"Umbita","2023","Contratación régimen especial (con ofertas)","5","1287592512.94"
"Aquitania","2024","Contratación Directa (con ofertas)","6","206619600"
"Macanal","2022","Contratación directa","1","3000000000"
"Samacá","2024","Licitación pública","3","3064312191.69"
"El Cocuy","2025","Mínima cuantía","56","1159024782.58"
"Sutatenza","2018","Contratación régimen especial","2","199165960"
"Sativasur","2024","Selección Abreviada de Menor Cuantía","1","69320000"
"Maripí","2025","Concurso de méritos abierto","2","310698956"
"Nobsa","2022","Contratación régimen especial (con ofertas)","4","1185931914"
"Corrales","2024","Selección Abreviada de Menor Cuantía","3","907764859.75"
"Tunja","2023","Contratación directa","8048","470789004424.55"
"Tunja","2025","Mínima cuantía","422","17582470610.04"
"Tunja","2023","Contratación régimen especial (con ofertas)","138","186188657966.97"
"Sativasur","2026","Contratación directa","49","793398072"
"Chiquinquirá","2026","Selección abreviada subasta inversa","2","420465000"
"Santa Sofía","2024","Contratación régimen especial (con ofertas)","5","768851080.05"
"Somondoco","2024","Selección Abreviada de Menor Cuantía","3","291978700"
"Chiquinquirá","2022","Contratación Directa (con ofertas)","31","1479806237"
"Socha","2023","Contratación régimen especial","32","805313466"
"Puerto Boyacá","2021","Licitación pública Obra Publica","6","9129360543"
"Sativanorte","2024","Contratación régimen especial (con ofertas)","10","1322142322.78"
"Somondoco","2023","Selección abreviada subasta inversa","1","57620000"
"Tasco","2025","Mínima cuantía","36","1141352719.43"
"Tunja","2019","Contratación Directa (con ofertas)","1","65450000"
"Chinavita","2024","Contratación régimen especial","2","61500000"
"Covarachía","2024","Selección Abreviada de Menor Cuantía","3","177054769"
"Susacón","2024","Contratación directa","62","920993593.94"
"Sogamoso","2025","Selección abreviada subasta inversa","44","11510347534.59"
"No Definido","2020","Selección abreviada subasta inversa","1","315690069.2"
"Maripí","2025","Selección abreviada subasta inversa","3","603500000"
"Duitama","2026","Contratación régimen especial","4","1100173433.58"
"Tunja","2017","Mínima cuantía","8","308866825.26"
"Caldas","2023","Mínima cuantía","5","155778099"
"Gachantivá","2020","Contratación régimen especial (con ofertas)","1","75000000"
"Tibasosa","2026","Selección abreviada subasta inversa","10","1753109350.04"
"Muzo","2025","Contratación régimen especial (con ofertas)","5","2250312938"
"Firavitoba","2025","Contratación régimen especial (con ofertas)","8","1866599076"
"Paipa","2022","Mínima cuantía","9","172011955"
"Buenavista","2025","Contratación Directa (con ofertas)","1","6000000"
"Tunja","2018","Contratación Directa (con ofertas)","6","1146982098"
"Santa María","2024","Contratación régimen especial (con ofertas)","7","1169322577.62"
"Gachantivá","2024","Concurso de méritos abierto","2","750635077"
"Almeida","2018","Contratación régimen especial","1","58417800"
"Betéitiva","2023","Contratación directa","2","4160000"
"Cucaita","2024","Contratación régimen especial (con ofertas)","6","981137375"
"Cómbita","2025","Mínima cuantía","59","1419052688.90"
"Socha","2021","Contratación régimen especial (con ofertas)","7","1120136020"
"Arcabuco","2025","Contratación régimen especial (con ofertas)","2","577095947.87"
"Susacón","2025","Contratación directa","67","1400925014.10"
"Soatá","2024","Contratación directa","145","1424793316.0"
"Sogamoso","2023","Licitación pública","11","27835474151.15"
"Coper","2026","Contratación directa","83","1631715687.64"
"Sutamarchán","2025","Contratación directa","99","288809023168.96"
"Paz De Río","2026","Contratación régimen especial (con ofertas)","5","1390378468.47"
"Firavitoba","2024","Selección Abreviada de Menor Cuantía","4","698867351"
"No Definido","2025","Selección Abreviada de Menor Cuantía","74","14613334891.54"
"Puerto Boyacá","2023","Contratación directa","554","41587616588"
"Sativasur","2024","Contratación régimen especial (con ofertas)","3","369396501.16"
"Sotaquirá","2024","Licitación pública Obra Publica","2","1636027247.98"
"Pauna","2026","Selección Abreviada de Menor Cuantía","4","604033432.46"
"San Pablo De Borbur","2024","Contratación Directa (con ofertas)","2","213817578.2"
"Garagoa","2024","Contratación directa","142","2641695844.98"
"El Cocuy","2025","Licitación pública","1","527528490"
"Garagoa","2018","Contratación régimen especial (con ofertas)","2","553731600"
"Paz De Río","2026","Mínima cuantía","27","653527802"
"Coper","2025","Contratación directa","98","3084885930.20"
"Moniquirá","2024","Contratación régimen especial (con ofertas)","11","12450245096.00"
"Santana","2019","Contratación régimen especial (con ofertas)","1","518149800"
"Belén","2026","Selección abreviada subasta inversa","2","678700000"
"Sutamarchán","2024","Mínima cuantía","22","442804393.93"
"Duitama","2018","Mínima cuantía","46","366323953.8"
"Duitama","2021","Contratación régimen especial (con ofertas)","3","5325891305"
"Coper","2023","Contratación régimen especial","2","134418570"
"Pisba","2023","Contratación directa","12","154350432"
"Sora","2024","Contratación régimen especial","1","55897380"
"Miraflores","2024","Mínima cuantía","61","28404128179.81"
"Garagoa","2025","Concurso de méritos abierto","1","136816666"
"Ramiriquí","2026","Selección Abreviada de Menor Cuantía","8","1473250555.3"
"Ciénega","2022","Contratación régimen especial","5","19621400"
"Miraflores","2023","Contratación directa","158","3543483928.99"
"Moniquirá","2023","Selección Abreviada de Menor Cuantía","14","1992487924.57"
"San José De Pare","2018","Contratación régimen especial (con ofertas)","2","210223046"
"Duitama","2026","Contratación régimen especial (con ofertas)","13","8053509528"
"Cómbita","2026","Mínima cuantía","27","760064467.89"
"Soatá","2025","Selección abreviada subasta inversa","1","59000000"
"Puerto Boyacá","2021","Contratación régimen especial","1","1242051693"
"No Definido","2025","Mínima cuantía","395","12167505374.94"
"Samacá","2024","Contratación directa","332","7854376209.33"
"San Luis De Gaceno","2025","Contratación régimen especial (con ofertas)","2","476740348.04"
"Tópaga","2018","Contratación régimen especial","2","334666600"
"Tópaga","2024","Contratación directa","11","257358550"
"Chita","2026","Mínima cuantía","42","1557256865.07"
"Boyacá","2024","Contratación régimen especial (con ofertas)","7","992544861.56"
"San José De Pare","2023","Contratación régimen especial (con ofertas)","2","307750197"
"El Cocuy","2025","Seleccion Abreviada Menor Cuantia Sin Manifestacion Interes","2","980000000"
"Paya","2024","Mínima cuantía","52","1636886673.05"
"Coper","2023","Mínima cuantía","1","10858652"
"Iza","2025","Contratación Directa (con ofertas)","6","633219873.7"
"Buenavista","2020","Contratación régimen especial (con ofertas)","2","343756818"
"Motavita","2026","Contratación régimen especial","1","80400000"
"Briceño","2024","Contratación directa","81","1010740482.38"
"Corrales","2026","Mínima cuantía","44","1238068681.28"
"Villa De Leyva","2023","Licitación pública","3","991722631"
"Campohermoso","2018","Contratación régimen especial (con ofertas)","3","265145000"
"Chiquinquirá","2024","Contratación régimen especial","19","266780765"
"Sogamoso","2021","Contratación Directa (con ofertas)","5","126209980"
"Chinavita","2020","Contratación régimen especial (con ofertas)","2","118542459"
"Motavita","2023","Contratación Directa (con ofertas)","1","13112917.21"
"Berbeo","2026","Contratación régimen especial (con ofertas)","4","464250873.98"
"Chinavita","2024","Contratación régimen especial (con ofertas)","12","1102923025.08"
"Duitama","2025","Concurso de méritos abierto","3","434659400"
"Sutamarchán","2026","Contratación régimen especial (con ofertas)","3","997842458.46"
"Siachoque","2026","Mínima cuantía","2","41513295"
"Samacá","2023","Selección Abreviada de Menor Cuantía","1","449034520.69"
"Moniquirá","2023","Selección abreviada subasta inversa","15","6439393215.27"
"Cerinza","2021","Contratación régimen especial (con ofertas)","5","641630515"
"Sáchica","2023","Contratación régimen especial","3","12002500"
"Iza","2022","Contratación régimen especial (con ofertas)","8","846034938.11"
"Soracá","2026","Contratación directa","3","82500000"
"Paya","2023","Contratación directa","20","295473216.44"
"Susacón","2025","Mínima cuantía","34","709417490.66"
"Socha","2024","Contratación régimen especial","48","1262284191.25"
"Somondoco","2018","Contratación régimen especial (con ofertas)","1","117506216"
"Pachavita","2022","Contratación régimen especial (con ofertas)","4","478636000.01"
"Villa De Leyva","2022","Selección Abreviada de Menor Cuantía","11","1761732165"
"Socotá","2024","Contratación directa","143","1805524262.66"
"Iza","2023","Contratación régimen especial (con ofertas)","4","574549524.89"
"Boyacá","2023","Contratación régimen especial (con ofertas)","6","1218014053.20"
"Ramiriquí","2024","Concurso de méritos abierto","1","138999390"
"Duitama","2021","Selección abreviada subasta inversa","7","1980811662.85"
"Pisba","2024","Selección abreviada subasta inversa","3","619748038"
"Berbeo","2024","Contratación régimen especial (con ofertas)","10","1107006236.31"
"Sutamarchán","2025","Contratación régimen especial (con ofertas)","5","1889039629"
"Boyacá","2021","Contratación régimen especial (con ofertas)","5","385056300"
"Moniquirá","2024","Licitación pública","1","45500000"
"Tinjacá","2022","Contratación régimen especial (con ofertas)","1","169473685"
"Villa De Leyva","2023","Concurso de méritos abierto","7","327336728.49"
"Chiquinquirá","2023","Mínima cuantía","82","1805470391.8"
"Arcabuco","2026","Contratación régimen especial (con ofertas)","2","851265117"
"Gachantivá","2023","Contratación directa","17","118192666"
"Sutamarchán","2023","Concurso de méritos abierto","1","83266492.85"
"San Eduardo","2026","Selección abreviada subasta inversa","2","389993183"
"Tinjacá","2019","Contratación régimen especial (con ofertas)","2","481029920"
"Pesca","2026","Contratación régimen especial (con ofertas)","7","2031758631.45"
"Cucaita","2024","Mínima cuantía","56","1222002523.56"
"Soatá","2024","Selección abreviada subasta inversa","2","120253086"
"Berbeo","2020","Contratación régimen especial (con ofertas)","3","204084140"
"Duitama","2024","Licitación pública Obra Publica","1","1327315463.43"
"Tasco","2025","Contratación Directa (con ofertas)","4","171402897.2"
"San Eduardo","2020","Contratación régimen especial (con ofertas)","5","394374085.83"
"Berbeo","2025","Selección Abreviada de Menor Cuantía","13","1871104097.53"
"Soracá","2026","Contratación régimen especial (con ofertas)","4","2451835259.39"
"Sotaquirá","2025","Contratación régimen especial (con ofertas)","9","2973335858.46"
"Moniquirá","2019","Mínima cuantía","26","131418945"
"Ráquira","2026","Contratación régimen especial (con ofertas)","7","1731038699.0"
"Chiquinquirá","2022","Concurso de méritos abierto","6","625218491.15"
"Almeida","2020","Contratación régimen especial (con ofertas)","1","59568800"
"No Definido","2026","Licitación pública Obra Publica","3","4279475561.56"
"Ramiriquí","2023","Contratación régimen especial","1","8400000"
"Toca","2022","Contratación régimen especial","4","25780000"
"Santa María","2018","Contratación Directa (con ofertas)","1","26001135"
"Samacá","2026","Licitación pública","4","7540326360"
"Cómbita","2026","Selección abreviada subasta inversa","2","351000000"
"Ventaquemada","2026","Contratación régimen especial","1","431300000"
"Tunja","2026","Enajenación de bienes con sobre cerrado","1","2100000000"
"Paipa","2024","Contratación régimen especial","33","867935914"
"Pesca","2026","Selección abreviada subasta inversa","1","145118049"
"Güicán","2026","Mínima cuantía","1","8000000"
"Tunja","2026","Licitación pública Obra Publica","4","18951251342.01"
"El Espino","2022","Contratación régimen especial (con ofertas)","1","124254270"
"Sogamoso","2026","Licitación pública Obra Publica","2","44717157562.58"
"Sogamoso","2023","Contratación régimen especial","4","181655184"
"Sogamoso","2026","Licitación pública","5","18405417116.91"
"Cómbita","2026","Contratación régimen especial (con ofertas)","9","3177322140.45"
"Villa De Leyva","2020","Contratación régimen especial (con ofertas)","2","567149465"
"Santa María","2022","Contratación régimen especial (con ofertas)","3","291678624.99"
"Aquitania","2024","Selección Abreviada de Menor Cuantía","1","152588404"
"El Cocuy","2023","Contratación régimen especial (con ofertas)","5","1112743766.44"
"Gameza","2026","Contratación régimen especial (con ofertas)","6","1943984455.79"
"Betéitiva","2024","Selección Abreviada de Menor Cuantía","3","281283405.74"
"Corrales","2025","Selección abreviada subasta inversa","1","107832088"
"Chiquinquirá","2023","Licitación pública Obra Publica","3","10576967095.86"
"San José De Pare","2024","Contratación régimen especial","6","442587815"
"Soatá","2023","Licitación pública","1","368164880.17"
"Gameza","2024","Contratación régimen especial (con ofertas)","9","1864633615.92"
"Covarachía","2020","Contratación régimen especial (con ofertas)","4","370437875"
"Cerinza","2026","Contratación directa","54","1118820106"
"Puerto Boyacá","2024","Concurso de méritos abierto","3","540931016"
"Miraflores","2023","Selección Abreviada de Menor Cuantía","20","2799319568.72"
"Chiquinquirá","2022","Contratación régimen especial (con ofertas)","5","2967175412.78"
"Sogamoso","2024","Enajenación de bienes con sobre cerrado","1","57594200"
"Moniquirá","2024","Concurso de méritos abierto","2","215999969.77"
"Socotá","2017","Contratación régimen especial (con ofertas)","1","287537866"
"Covarachía","2026","Selección abreviada subasta inversa","2","402520000"
"Caldas","2025","Selección abreviada subasta inversa","6","1212412800"
"Chiquinquirá","2023","Contratación directa","417","14198698570.12"
"Maripí","2020","Contratación régimen especial (con ofertas)","2","316787780"
"Sora","2023","Mínima cuantía","5","67251249.24"
"Firavitoba","2024","Contratación régimen especial (con ofertas)","8","1704907584.56"
"No Definido","2024","Licitación pública","1","1235464369"
"Siachoque","2022","Contratación régimen especial","1","2000000"
"Sativasur","2023","Mínima cuantía","3","25074460"
"Socotá","2026","Contratación régimen especial (con ofertas)","8","2562235667.24"
"Berbeo","2022","Contratación régimen especial (con ofertas)","6","666904615.63"
"Gameza","2025","Contratación directa","2","25791499"
"Santa María","2026","Selección abreviada subasta inversa","4","1278419956"
"Chiquinquirá","2024","Contratación régimen especial (con ofertas)","16","11359949875.33"
"Duitama","2026","Mínima cuantía","100","4523809447.28"
"Puerto Boyacá","2025","Selección abreviada subasta inversa","32","8144155723"
"Sora","2023","Contratación régimen especial (con ofertas)","7","1052936960.32"
"Rondón","2019","Contratación régimen especial (con ofertas)","3","439474000"
"Garagoa","2025","Selección Abreviada de Menor Cuantía","5","729831019"
"Pauna","2026","Contratación directa","77","1498659664.87"
"Sáchica","2022","Contratación régimen especial (con ofertas)","4","759887007.63"
"Macanal","2024","Contratación Directa (con ofertas)","16","668182737.0"
"Villa De Leyva","2021","Contratación Directa (con ofertas)","5","591134390"
"Sutatenza","2020","Contratación régimen especial (con ofertas)","1","173543000"
"Santana","2023","Selección Abreviada de Menor Cuantía","1","158606855"
"Tuta","2025","Selección Abreviada de Menor Cuantía","16","3742415961.15"
"Moniquirá","2018","Contratación directa","1","137250889"
"San Luis De Gaceno","2026","Contratación régimen especial (con ofertas)","2","726000000"
"Sutatenza","2018","Contratación régimen especial (con ofertas)","1","227000000"
"Puerto Boyacá","2024","Contratación régimen especial","122","7452685706"
"Cucaita","2024","Contratación régimen especial","1","7000000"
"Cubará","2024","Mínima cuantía","2","39856658"
"Ramiriquí","2025","Contratación régimen especial (con ofertas)","5","1153157660"
"Iza","2025","Mínima cuantía","39","736051837.67"
"Tunja","2026","Contratación régimen especial (con ofertas)","138","252332682350.31"
"Firavitoba","2023","Contratación directa","19","107442000"
"Saboyá","2025","Contratación régimen especial (con ofertas)","7","2846802485"
"Paipa","2023","Selección Abreviada de Menor Cuantía","5","618361369.74"
"Sáchica","2025","Licitación pública Obra Publica","1","856005222"
"Tunja","2022","Enajenación de bienes con sobre cerrado","3","646075000"
"Almeida","2022","Contratación régimen especial (con ofertas)","3","431979881.54"
"Boyacá","2023","Mínima cuantía","6","111047706.85"
"Sáchica","2023","Mínima cuantía","19","264156848.99"
"Chiquinquirá","2026","Contratación directa","372","6786301146.34"
"San Pablo De Borbur","2026","Contratación régimen especial (con ofertas)","5","1196256935.95"
"Iza","2017","Mínima cuantía","1","2603000"
"Siachoque","2023","Contratación régimen especial (con ofertas)","3","328628000"
"Ramiriquí","2025","Contratación régimen especial","5","4081090535.5"
"Soatá","2021","Contratación régimen especial","1","10000000"
"Floresta","2026","Selección abreviada subasta inversa","1","499000000"
"Tunja","2025","Contratación directa","8059","356683931045.95"
"Sutamarchán","2024","Selección Abreviada de Menor Cuantía","1","193492500"
"Viracachá","2020","Contratación régimen especial (con ofertas)","3","244655390"
"Puerto Boyacá","2022","Concurso de méritos abierto","14","4425862945.7"
"Tunja","2021","Selección Abreviada de Menor Cuantía","75","22870283756.48"
"Belén","2018","Contratación régimen especial","2","763323399"
"Chiscas","2025","Contratación régimen especial (con ofertas)","6","1451296541"
"Garagoa","2025","Contratación régimen especial (con ofertas)","22","527134772"
"Guateque","2021","Contratación régimen especial","4","256360000"
"Aquitania","2022","Contratación régimen especial","7","57599076"
"Susacón","2023","Contratación directa","2","7240000"
"Chiscas","2025","Contratación régimen especial","6","1037836835.08"
"Puerto Boyacá","2021","Contratación Directa (con ofertas)","18","8652821596"
"Moniquirá","2026","Contratación régimen especial (con ofertas)","14","22147043873"
"Betéitiva","2020","Contratación régimen especial (con ofertas)","2","120893884"
"Miraflores","2026","Contratación régimen especial","18","463580599"
"Tunja","2025","Contratación régimen especial (con ofertas)","161","374224763449.29"
"Ramiriquí","2025","Licitación pública Obra Publica","2","14201457482.92"
"Sotaquirá","2024","Mínima cuantía","37","1005929633.26"
"Sativasur","2024","Contratación directa","47","961162499"
"Tutazá","2021","Contratación régimen especial (con ofertas)","2","160918235"
"Maripí","2023","Contratación régimen especial","3","63744274"
"Tasco","2025","Contratación régimen especial (con ofertas)","7","2502428258.54"
"Moniquirá","2026","Licitación pública","1","83360587.05"
"Boavita","2026","Selección abreviada subasta inversa","1","100000000"
"Socotá","2026","Contratación directa","133","2396753871.66"
"Motavita","2025","Contratación régimen especial","1","74400000000"
"Betéitiva","2024","Contratación régimen especial (con ofertas)","6","570036297.12"
"Puerto Boyacá","2024","Selección abreviada subasta inversa","32","6117056853"
"Floresta","2018","Contratación régimen especial","1","133593600"
"Santa María","2024","Selección Abreviada de Menor Cuantía","7","1469075530"
"Jenesano","2024","Contratación régimen especial (con ofertas)","7","1398786070.86"
"Miraflores","2025","Contratación régimen especial (con ofertas)","11","3759111058"
"Paz De Río","2025","Contratación régimen especial","5","162151148.3"
"Chiquinquirá","2024","Licitación pública Obra Publica","1","2363047691.74"
"Ramiriquí","2023","Concurso de méritos abierto","2","199307610.1"
"Tenza","2019","Contratación régimen especial (con ofertas)","1","32945949"
"Villa De Leyva","2024","Mínima cuantía","38","940215752.30"
"Nuevo Colón","2025","Selección Abreviada de Menor Cuantía","10","2249909964.74"
"Covarachía","2024","Selección abreviada subasta inversa","4","729147591"
"Gameza","2025","Contratación régimen especial (con ofertas)","8","1686955081.74"
"Ramiriquí","2019","Contratación régimen especial (con ofertas)","3","619424240"
"Berbeo","2024","Mínima cuantía","27","492891382.92"
"Guateque","2022","Mínima cuantía","8","78164968"
"Pesca","2023","Mínima cuantía","12","232656656.1"
"Puerto Boyacá","2026","Contratación Directa (con ofertas)","5","4640378114"
"Nobsa","2023","Selección abreviada subasta inversa","4","446279719"
"Aquitania","2026","Contratación directa","90","2037573135.35"
"Macanal","2025","Contratación Directa (con ofertas)","27","2669502220.29"
"Macanal","2025","Concurso de méritos abierto","2","202065693.99"
"Cucaita","2024","Contratación directa","85","1445426161.81"
"Villa De Leyva","2021","Selección Abreviada de Menor Cuantía","2","101339954"
"Gachantivá","2026","Mínima cuantía","29","643255613.09"
"Toca","2026","Contratación directa","1","9500000"
"Cubará","2025","Contratación régimen especial (con ofertas)","3","870971712"
"Tunja","2024","Contratación régimen especial (con ofertas)","117","153660845304.64"
"Sogamoso","2023","Contratación Directa (con ofertas)","5","585223541"
"Pachavita","2021","Contratación régimen especial (con ofertas)","1","56726345"
"Chiquinquirá","2021","Contratación régimen especial","1","102074390"
"Pesca","2025","Selección abreviada subasta inversa","3","1732556961"
"Pisba","2021","Contratación régimen especial (con ofertas)","2","134883300"
"Samacá","2022","Contratación régimen especial (con ofertas)","2","790847172"
"San Pablo De Borbur","2026","Contratación directa","114","2347900522.48"
"Santana","2024","Contratación directa","160","1617633433.67"
"Tópaga","2023","Contratación directa","8","109443164"
"Paya","2026","Contratación régimen especial (con ofertas)","6","1830481335"
"Motavita","2025","Contratación directa","84","1491203175.80"
"Miraflores","2022","Selección abreviada subasta inversa","2","784456576"
"Sogamoso","2022","Licitación pública","8","18508689127.9"
"Togüí","2020","Contratación régimen especial","1","0"
"Iza","2019","Contratación régimen especial (con ofertas)","2","125000000"
"Chiquinquirá","2022","Contratación directa","386","5429371643.67"
"Macanal","2026","Selección Abreviada de Menor Cuantía","2","401939192.07"
"Santa María","2025","Mínima cuantía","46","1351510440.68"
"El Cocuy","2025","Concurso de méritos abierto","3","201660419"
"Cómbita","2024","Contratación régimen especial (con ofertas)","8","2359975892.99"
"Moniquirá","2020","Contratación régimen especial","3","158760398"
"Somondoco","2022","Contratación régimen especial (con ofertas)","5","568097105.26"
"Tibasosa","2025","Licitación pública","3","2046280400"
"Moniquirá","2018","Mínima cuantía","28","136691269"
"Chiquinquirá","2022","Selección abreviada subasta inversa","3","307000000"
"Pesca","2025","Mínima cuantía","36","883933231.60"
"Tunja","2020","Selección Abreviada de Menor Cuantía","41","13003527747.94"
"Tunja","2019","Contratación directa","176","19036804105"
"Tibasosa","2025","Selección abreviada subasta inversa","16","1883091094.94"
"Briceño","2024","Selección Abreviada de Menor Cuantía","3","299473687.97"
"Sogamoso","2024","Concurso de méritos abierto","7","2480438282"
"Guateque","2019","Mínima cuantía","44","173280834.75"
"Muzo","2025","Contratación régimen especial","1","19800000"
"Boavita","2024","Selección Abreviada de Menor Cuantía","7","1195299176.2"
"Paz De Río","2024","Contratación directa","126","1527031429.7"
"Gachantivá","2025","Contratación Directa (con ofertas)","2","119143611"
"Duitama","2022","Selección abreviada subasta inversa","10","7108873471.69"
"Boyacá","2026","Selección abreviada subasta inversa","3","587849250"
"El Cocuy","2023","Mínima cuantía","8","133878866.61"
"Güicán","2024","Mínima cuantía","5","26297590.03"
"Zetaquira","2024","Contratación directa","2","438750000"
"Garagoa","2023","Selección abreviada subasta inversa","2","246168809.99"
"Tibasosa","2022","Selección Abreviada de Menor Cuantía","4","329791250.75"
"Covarachía","2025","Contratación régimen especial (con ofertas)","9","632598798.9"
"Firavitoba","2025","Selección Abreviada de Menor Cuantía","2","223856653"
"Santana","2022","Contratación régimen especial (con ofertas)","4","1480214586.63"
"Sotaquirá","2025","Contratación directa","157","2852580399.38"
"Chiscas","2024","Contratación régimen especial (con ofertas)","8","1202179619.27"
"Moniquirá","2022","Mínima cuantía","19","284157027"
"Ráquira","2026","Mínima cuantía","24","579619095.72"
"Tenza","2025","Contratación régimen especial (con ofertas)","3","401700000"
"No Definido","2025","Selección abreviada subasta inversa","56","14530243717.12"
"Samacá","2023","Selección abreviada subasta inversa","1","235000000"
"Pesca","2026","Selección Abreviada de Menor Cuantía","2","372046217"
"Tinjacá","2026","Contratación directa","33","915157203.86"
"Motavita","2024","Concurso de méritos abierto","1","121420000"
"Paipa","2023","Concurso de méritos abierto","1","84090000"
"Villa De Leyva","2024","Contratación directa","224","4134196072.81"
"Muzo","2020","Contratación régimen especial (con ofertas)","3","842223250"
"Santana","2023","Licitación pública Obra Publica","1","974978585"
"Chíquiza","2021","Contratación régimen especial","2","30000000"
"Socha","2022","Contratación régimen especial (con ofertas)","6","1228737230"
"Soatá","2026","Contratación régimen especial","1","60667160"
"Macanal","2023","Mínima cuantía","8","162862588"
"Tasco","2026","Licitación pública Obra Publica","1","520100207"
"Paya","2026","Selección abreviada subasta inversa","6","1175058229.94"
"Turmequé","2018","Contratación régimen especial","5","963552762"
"Belén","2025","Selección Abreviada de Menor Cuantía","5","454800842.78"
"Cuítiva","2021","Contratación régimen especial (con ofertas)","1","101652000"
"No Definido","2018","Contratación régimen especial (con ofertas)","14","3261579133"
"Belén","2019","Contratación régimen especial (con ofertas)","3","272175695"
"Tinjacá","2024","Contratación régimen especial","3","24560000"
"Boyacá","2020","Contratación régimen especial (con ofertas)","5","433032465"
"Soatá","2024","Contratación régimen especial (con ofertas)","7","20456872832.92"
"Garagoa","2026","Licitación pública Obra Publica","2","2505123038"
"Socha","2020","Contratación régimen especial","4","132739162"
"Oicatá","2025","Selección Abreviada de Menor Cuantía","1","235975454.04"
"Soatá","2026","Contratación régimen especial (con ofertas)","2","1528928388.92"
"Tunja","2025","Concurso de méritos abierto","23","10426084320.00"
"Sora","2023","Contratación directa","3","22200000"
"Guateque","2024","Licitación pública Obra Publica","2","1059011910.16"
"Guateque","2023","Contratación régimen especial","3","210849522"
"Macanal","2026","Concurso de méritos abierto","2","732594851.5"
"No Definido","2025","Contratación Directa (con ofertas)","8","4664707309.84"
"La Uvita","2024","Contratación régimen especial (con ofertas)","9","1100816210.44"
"Somondoco","2024","Selección abreviada subasta inversa","5","520151422.51"
"Betéitiva","2024","Selección abreviada subasta inversa","1","112756449.9"
"Tunja","2024","Selección abreviada subasta inversa","69","46136266910.75"
"Chiquinquirá","2026","Licitación pública","4","44857265592"
"Caldas","2023","Contratación directa","6","562627309"
"Tunja","2026","Contratación Directa (con ofertas)","247","102513978392.75"
"Villa De Leyva","2026","Mínima cuantía","21","659603370"
"Sativanorte","2024","Selección Abreviada de Menor Cuantía","8","1065598768.58"
"Chita","2021","Contratación régimen especial (con ofertas)","1","361347480"
"Tenza","2024","Contratación régimen especial (con ofertas)","1","200000000"
"Belén","2026","No Definido","1","12150000"
"Tunja","2026","Contratación régimen especial","1186","259014538028.41"
"Betéitiva","2024","Contratación Directa (con ofertas)","3","110220457.9"
"Caldas","2022","Contratación régimen especial (con ofertas)","3","332603055"
"Togüí","2022","Selección Abreviada de Menor Cuantía","1","78000000"
"Umbita","2026","Contratación régimen especial","2","33800000"
"Moniquirá","2018","Contratación régimen especial","2","305142857"
"Tasco","2025","Licitación pública Obra Publica","1","734511871"
"Aquitania","2021","Contratación régimen especial (con ofertas)","4","1776880222"
"Covarachía","2021","Contratación régimen especial","4","499313121"
"Socotá","2023","Contratación directa","5","18388845"
"Puerto Boyacá","2022","Contratación Directa (con ofertas)","26","27629853221"
"Guateque","2022","Contratación régimen especial (con ofertas)","2","347330000"
"Cucaita","2024","Selección abreviada subasta inversa","4","614892482.74"
"Caldas","2025","Contratación régimen especial","1","25000000"
"Oicatá","2026","Selección Abreviada de Menor Cuantía","1","67883075"
"Nuevo Colón","2022","Contratación régimen especial (con ofertas)","5","782926007.07"
"Chiquinquirá","2025","Contratación régimen especial","22","317238585"
"Duitama","2023","Mínima cuantía","142","4102556769.93"
"Duitama","2022","Licitación pública","5","10332919455"
"Tunja","2020","Seleccion Abreviada Menor Cuantia Sin Manifestacion Interes","1","524343600"
"Cucaita","2023","Mínima cuantía","3","98387489.43"
"No Definido","2022","Contratación Directa (con ofertas)","7","1507870982.86"
"Soracá","2025","Contratación directa","4","25800000"
"Soatá","2023","Contratación régimen especial","85","10333450087.66"
"Betéitiva","2024","Mínima cuantía","33","557185792.18"
"Pesca","2022","Contratación régimen especial (con ofertas)","2","312760000"
"Puerto Boyacá","2026","Contratación régimen especial (con ofertas)","8","8221526711"
"Covarachía","2024","Contratación régimen especial","10","1756662852.71"
"Cuítiva","2026","Contratación régimen especial (con ofertas)","4","720437708.98"
"Garagoa","2024","Contratación régimen especial (con ofertas)","5","968443990.59"
"Cuítiva","2019","Contratación régimen especial (con ofertas)","1","224280660"
"Santana","2026","Selección abreviada subasta inversa","2","338829933"
"Duitama","2024","Selección abreviada subasta inversa","6","1316074128"
"No Definido","2022","Selección abreviada subasta inversa","19","5703486240.45"
"Santa María","2023","Contratación directa","6","164971028.31"
"Togüí","2026","Contratación régimen especial (con ofertas)","6","2580316225.97"
"Tunja","2022","Mínima cuantía","492","15047279495.54"
"Iza","2018","Contratación régimen especial (con ofertas)","7","483552825"
"Villa De Leyva","2026","Contratación régimen especial (con ofertas)","10","4158367887"
"La Uvita","2024","Contratación directa","152","1511200568"
"No Definido","2019","Selección abreviada subasta inversa","3","444882828.8"
"Sativanorte","2024","Selección abreviada subasta inversa","2","1082730750.65"
"El Cocuy","2023","Selección Abreviada de Menor Cuantía","1","99440250"
"Quípama","2025","Contratación régimen especial (con ofertas)","5","2877430377.74"
"Chíquiza","2026","Contratación régimen especial (con ofertas)","1","78720000"
"Tota","2023","Contratación directa","3","18000000"
"Monguí","2025","Mínima cuantía","35","798898792.78"
"Chivor","2024","Contratación régimen especial (con ofertas)","4","727838416.5"
"Sáchica","2024","Contratación régimen especial (con ofertas)","6","962810036"
"San José De Pare","2022","Contratación régimen especial (con ofertas)","5","723915495.26"
"No Definido","2022","Licitación pública Obra Publica","2","2662139412.98"
"Firavitoba","2026","Selección Abreviada de Menor Cuantía","3","974939797"
"Chiquinquirá","2023","Contratación Directa (con ofertas)","49","11409822863.51"
"Belén","2025","Concurso de méritos abierto","1","192749750"
"Villa De Leyva","2026","Selección Abreviada de Menor Cuantía","9","1209690055"
"El Cocuy","2025","Contratación régimen especial (con ofertas)","1","219630054"
"Sogamoso","2023","Mínima cuantía","312","10360621693.36"
"Nuevo Colón","2024","Contratación régimen especial","140","1312015549"
"Sutamarchán","2024","Contratación directa","86","1404490717.5"
"Iza","2025","Contratación régimen especial (con ofertas)","10","1948687154"
"San Pablo De Borbur","2024","Contratación régimen especial (con ofertas)","10","1795624777.65"
"Cucaita","2026","Contratación régimen especial (con ofertas)","3","695258861.46"
"Socotá","2025","Mínima cuantía","50","1553462989.88"
"Cerinza","2025","Contratación Directa (con ofertas)","3","233046691.4"
"Sotaquirá","2025","Selección abreviada subasta inversa","2","415826679"
"Miraflores","2024","Contratación Directa (con ofertas)","6","50086666"
"Puerto Boyacá","2023","Concurso de méritos abierto","2","60000000.01"
"Sáchica","2025","Selección Abreviada de Menor Cuantía","10","2484420901.21"
"Rondón","2018","Contratación régimen especial","3","381764742"
"Sogamoso","2020","Selección abreviada subasta inversa","4","657155271"
"Sotaquirá","2021","Mínima cuantía","1","2486530"
"Sotaquirá","2019","Contratación régimen especial (con ofertas)","1","627126260"
"Belén","2023","Contratación directa","6","122657075.49"
"Paya","2026","Contratación directa","120","4956524103.59"
"No Definido","2023","Contratación Directa (con ofertas)","13","1719336750.64"
"Santa María","2024","Contratación directa","78","2457372602.26"
"Tunja","2026","Selección abreviada subasta inversa","33","21616916024.30"
"El Cocuy","2021","Contratación régimen especial (con ofertas)","2","227333352"
"San Pablo De Borbur","2022","Contratación régimen especial (con ofertas)","4","858944792.26"
"Sativanorte","2025","Mínima cuantía","33","636762088.98"
"Ramiriquí","2026","Contratación directa","95","2294136995"
"Guateque","2018","Mínima cuantía","41","133208448"
"Aquitania","2023","Selección Abreviada de Menor Cuantía","13","2182959845.37"
"Cucaita","2026","Selección Abreviada de Menor Cuantía","5","833976301.74"
"Macanal","2026","Contratación régimen especial","1","3355500"
"Cucaita","2025","Mínima cuantía","40","868999821.29"
"Sogamoso","2026","Contratación Directa (con ofertas)","1","0"
"Tunja","2018","Licitación pública","6","14703329702.21"
"San Pablo De Borbur","2026","Licitación pública","1","966929000"
"Tibaná","2024","Contratación régimen especial (con ofertas)","1","244150000"
"La Uvita","2026","Selección abreviada subasta inversa","1","135000000"
"Paya","2023","Contratación régimen especial (con ofertas)","1","246954999.99"
"Coper","2026","Contratación régimen especial","1","14160825"
"Tunja","2020","Contratación directa","3942","786723664005.40"
"Tinjacá","2024","Contratación directa","45","778405074.0"
"Susacón","2026","Contratación régimen especial (con ofertas)","5","1040095456.98"
"La Uvita","2026","Mínima cuantía","30","1079512039.85"
"Cucaita","2024","Contratación Directa (con ofertas)","15","480032094.49"
"Sativanorte","2024","Mínima cuantía","24","534906397.94"
"Tunja","2021","Selección abreviada subasta inversa","55","23507682673.59"
"Quípama","2020","Contratación régimen especial (con ofertas)","1","221838540"
"San Pablo De Borbur","2023","Contratación directa","9","544694137.29"
"Chiquinquirá","2023","Selección abreviada subasta inversa","3","486959000"
"Paipa","2025","Mínima cuantía","15","227331823.67"
"Duitama","2022","Contratación Directa (con ofertas)","5","492048256"
"Boavita","2026","Selección Abreviada de Menor Cuantía","6","1475920693.38"
"Chita","2023","Selección Abreviada de Menor Cuantía","1","245701650"
"Macanal","2025","Contratación directa","72","1681643805.6"
"Tunja","2021","Contratación régimen especial (con ofertas)","35","29396522893.83"
"Nuevo Colón","2024","Contratación directa","89","1285144299.19"
"San Mateo","2025","Mínima cuantía","49","951610968.89"
"Tunja","2022","Seleccion Abreviada Menor Cuantia Sin Manifestacion Interes","8","44661770596.44"
"Tinjacá","2023","Mínima cuantía","2","4829483"
"Maripí","2026","Mínima cuantía","37","1259692279"
"Macanal","2020","Contratación régimen especial (con ofertas)","4","394143152.95"
"Sáchica","2019","Contratación régimen especial (con ofertas)","6","977861001.77"
"No Definido","2021","Contratación Directa (con ofertas)","22","4503703284.37"
"Sora","2025","Contratación régimen especial","1","42000000"
"Pisba","2024","Contratación directa","102","1837023952.97"
"Susacón","2026","Selección Abreviada de Menor Cuantía","4","575300000"
"Motavita","2025","Selección Abreviada de Menor Cuantía","8","1256882300.66"
"Tibasosa","2025","Contratación régimen especial","17","2670829335.78"
"No Definido","2018","Mínima cuantía","201","4990305135.83"
"Tibasosa","2024","Selección abreviada subasta inversa","12","2015144658"
"Samacá","2024","Concurso de méritos abierto","2","129591611"
"Tinjacá","2025","Contratación directa","54","1282165283.4"
"Guateque","2018","Contratación régimen especial","1","582463000"
"Tasco","2024","Contratación régimen especial","1","20000000"
"Cucaita","2022","Contratación régimen especial","2","341839727.02"
"El Cocuy","2026","Concurso de méritos abierto","1","85293950"
"Tópaga","2025","Contratación directa","4","68766137.63"
"Rondón","2023","Contratación régimen especial (con ofertas)","2","476409802.26"
"Puerto Boyacá","2026","Mínima cuantía","44","1056885822"
"Pachavita","2023","Contratación régimen especial (con ofertas)","2","449636303.19"
"Berbeo","2023","Selección Abreviada de Menor Cuantía","1","88150000"
"San Eduardo","2026","Contratación directa","48","1261838646"
"Tuta","2022","Contratación régimen especial (con ofertas)","1","68292000"
"Tuta","2025","Contratación régimen especial (con ofertas)","8","4048874994"
"Nobsa","2024","Contratación directa","268","10402093630.76"
"Floresta","2025","Contratación régimen especial (con ofertas)","6","1468627677"
"Paya","2024","Selección Abreviada de Menor Cuantía","4","665499706.00"
"Santana","2025","Contratación directa","126","1865460792.34"
"San Pablo De Borbur","2025","Contratación régimen especial (con ofertas)","14","3715418654.21"
"Santana","2025","Contratación régimen especial","4","67772000"
"Tota","2024","Selección Abreviada de Menor Cuantía","3","422747846.63"
"Duitama","2025","Contratación directa","866","53029547864.38"
"Ciénega","2023","Contratación régimen especial (con ofertas)","6","1055381346.72"
"Rondón","2025","Mínima cuantía","3","14773887"
"Tota","2024","Mínima cuantía","32","774184568.31"
"Belén","2021","Contratación régimen especial (con ofertas)","7","1411440465"
"Coper","2026","Mínima cuantía","32","381238063"
"Guateque","2018","Contratación régimen especial (con ofertas)","3","889870013"
"Tunja","2019","Selección abreviada subasta inversa","17","11462955315.07"
"Firavitoba","2024","Selección abreviada subasta inversa","2","227167389.32"
"Covarachía","2026","Licitación pública Obra Publica","2","4045084982"
"Sotaquirá","2026","Contratación régimen especial (con ofertas)","6","2280232944.19"
"Belén","2025","Selección abreviada subasta inversa","5","1330610020"
"Ráquira","2023","Contratación régimen especial (con ofertas)","6","1706346895.93"
"Tasco","2023","Contratación directa","13","41323455.5"
"Turmequé","2024","Contratación régimen especial (con ofertas)","4","839441993.92"
"Nuevo Colón","2026","Contratación régimen especial (con ofertas)","6","1684777698.85"
"Briceño","2025","Contratación directa","80","1221981706.56"
"Viracachá","2019","Contratación régimen especial","1","86530554"
"Villa De Leyva","2024","Contratación Directa (con ofertas)","10","1034976836.5"
"Tunja","2018","Contratación régimen especial (con ofertas)","4","2914819101.2"
"Tunja","2024","Contratación directa","8363","281177321800.90"
"Nuevo Colón","2025","Contratación directa","86","2501661975.14"
"Nuevo Colón","2026","Selección Abreviada de Menor Cuantía","5","1415468446"
"Garagoa","2021","Contratación régimen especial (con ofertas)","8","618416176.57"
"San Eduardo","2022","Contratación régimen especial (con ofertas)","4","268891125.77"
"Iza","2026","Mínima cuantía","27","655483507"
"Covarachía","2025","Contratación directa","71","1606597465.9"
"Tasco","2026","Contratación régimen especial (con ofertas)","6","1984777759.48"
"Pauna","2026","Selección abreviada subasta inversa","3","1029602296"
"Boyacá","2024","Enajenación de bienes con subasta","1","23861204"
"Ramiriquí","2026","Selección abreviada subasta inversa","4","434467490.32"
"Caldas","2025","Contratación directa","60","1651894180.00"
"Puerto Boyacá","2026","Selección abreviada subasta inversa","17","2673311117"
"Paya","2025","Contratación régimen especial (con ofertas)","9","3258805966.97"
"Belén","2023","Selección Abreviada de Menor Cuantía","1","76205584"
"Boyacá","2026","Concurso de méritos abierto","1","91586600"
"Cuítiva","2018","Contratación régimen especial","1","118432000"
"San Pablo De Borbur","2025","Selección Abreviada de Menor Cuantía","10","2373559082.43"
"Chitaraque","2026","Contratación régimen especial (con ofertas)","4","1407528901.97"
"Nuevo Colón","2026","Contratación régimen especial","21","122475670.64"
"Garagoa","2024","Selección abreviada subasta inversa","9","2593131454.87"
"Tuta","2023","Mínima cuantía","18","284345812.98"
"Duitama","2021","Selección Abreviada de Menor Cuantía","10","2746949161.14"
"Covarachía","2023","Contratación régimen especial (con ofertas)","5","26726683"
"Motavita","2026","Selección abreviada subasta inversa","2","720233440"
"Miraflores","2024","Concurso de méritos abierto","3","195737600"
"Iza","2024","Contratación directa","78","1113111164"
"Sáchica","2025","Mínima cuantía","63","1795314008.66"
"Chivatá","2020","Contratación régimen especial (con ofertas)","1","175989600"
"Coper","2025","Contratación régimen especial","1","12100000"
"Tunja","2025","Licitación pública","22","94383279757.11"
"Turmequé","2024","Contratación régimen especial","38","410401992"
"Arcabuco","2023","Contratación régimen especial","1","2641800"
"Monguí","2024","Contratación régimen especial (con ofertas)","11","1335903782.54"
"Chivor","2025","Contratación régimen especial (con ofertas)","6","1143077141"
"Iza","2025","Licitación pública Obra Publica","1","1162562850.95"
"Covarachía","2025","Selección Abreviada de Menor Cuantía","6","1488387023.62"
"Nobsa","2025","Contratación régimen especial","12","2353696307.41"
"Tibasosa","2018","Contratación régimen especial","3","428347732"
"Miraflores","2023","Selección abreviada subasta inversa","6","1371519802"
"Villa De Leyva","2025","Contratación régimen especial","6","362047170.61"
"Soatá","2023","Mínima cuantía","9","161088664.36"
"Pauna","2021","Contratación régimen especial (con ofertas)","5","1265647593"
"Tuta","2024","Contratación Directa (con ofertas)","5","408632322"
"La Uvita","2025","Contratación directa","170","2013310197.20"
"Tibasosa","2019","Contratación régimen especial","6","1264761284"
"Ramiriquí","2024","Contratación régimen especial (con ofertas)","8","1272296850"
"Maripí","2025","Mínima cuantía","55","1404460971.76"
"Villa De Leyva","2021","Contratación directa","79","776117248"
"Monguí","2026","Contratación directa","63","1076266818.94"
"Pesca","2023","Contratación directa","4","176392735"
"Tibasosa","2024","Selección Abreviada de Menor Cuantía","12","2826804920.79"
"Tasco","2026","Contratación directa","55","1415221709.68"
"Tunja","2024","Contratación Directa (con ofertas)","940","261198670569.46"
"Corrales","2026","Selección Abreviada de Menor Cuantía","1","147599195.51"
"Nuevo Colón","2025","Contratación régimen especial","31","140186050.7"
"Muzo","2026","Contratación régimen especial","2","63623000"
"Boyacá","2026","Contratación directa","172","5851206739.17"
"Guateque","2024","Contratación régimen especial","1","160000000"
"Tunja","2025","Selección Abreviada de Menor Cuantía","70","30966721512.98"
"Tunja","2022","Licitación pública Obra Publica","22","110389026976.99"
"Firavitoba","2025","Selección abreviada subasta inversa","6","474788087.43"
"San Miguel De Sema","2021","Contratación régimen especial","1","102000000"
"Briceño","2022","Contratación régimen especial (con ofertas)","6","583232874.63"
"Guateque","2026","Selección Abreviada de Menor Cuantía","3","333325752"
"Chinavita","2025","Contratación régimen especial (con ofertas)","11","1727105831"
"Betéitiva","2026","Licitación pública Obra Publica","1","896887683"
"Moniquirá","2023","Contratación régimen especial (con ofertas)","22","11106492115"
"Miraflores","2018","Contratación régimen especial (con ofertas)","7","1541407938.44"
"Miraflores","2025","Contratación directa","180","129341357932.39"
"Corrales","2024","Contratación directa","120","1532041567.0"
"Paya","2017","Contratación directa","1","38000000"
"San Eduardo","2023","Selección abreviada subasta inversa","1","12294940"
"Santa Rosa De Viterbo","2022","Mínima cuantía","21","352906750"
"Ramiriquí","2022","Contratación régimen especial (con ofertas)","5","2030644138.89"
"Guateque","2024","Selección abreviada subasta inversa","8","2301182963.58"
"Villa De Leyva","2022","Licitación pública Obra Publica","4","3527708969.56"
"Susacón","2024","Selección Abreviada de Menor Cuantía","5","596922776.9"
"Sáchica","2025","Contratación régimen especial (con ofertas)","4","332948167"
"Aquitania","2025","Selección Abreviada de Menor Cuantía","5","1560523574.67"
"Somondoco","2024","Contratación directa","78","1509495054.33"
"San Mateo","2025","Selección abreviada subasta inversa","4","512101260.5"
"Sora","2024","Contratación Directa (con ofertas)","10","244466376.1"
"Togüí","2022","Contratación régimen especial (con ofertas)","4","515334600"
"San Pablo De Borbur","2020","Contratación régimen especial","2","312537147"
"Tópaga","2024","Contratación régimen especial (con ofertas)","5","1219410094.22"
"Santa Rosa De Viterbo","2023","Contratación régimen especial","1","600000"
"Ramiriquí","2025","Contratación directa","126","6557912019.14"
"Sora","2025","Selección Abreviada de Menor Cuantía","12","2127382040.30"
"Garagoa","2023","Selección Abreviada de Menor Cuantía","3","268553990.31"
"Caldas","2026","Contratación régimen especial (con ofertas)","4","1152872095.91"
"Siachoque","2022","Contratación régimen especial (con ofertas)","6","1791955597.49"
"Boyacá","2025","Contratación directa","209","10918180630.66"
"Cerinza","2024","Contratación régimen especial (con ofertas)","9","935421340.15"
"Buenavista","2021","Contratación régimen especial (con ofertas)","3","623567820"
"Duitama","2024","Contratación régimen especial","1","1963500"
"Quípama","2023","Contratación régimen especial (con ofertas)","2","501074201.94"
"Tunja","2020","Contratación régimen especial (con ofertas)","46","14257320187.83"
"Pisba","2025","Contratación régimen especial (con ofertas)","4","1002017990"
"Moniquirá","2023","Enajenación de bienes con sobre cerrado","1","130000000"
"Sativasur","2025","Contratación régimen especial (con ofertas)","3","247695072"
"Santana","2023","Concurso de méritos abierto","1","68194188.08"
"Belén","2026","Contratación régimen especial (con ofertas)","6","2562407970.94"
"Siachoque","2025","Mínima cuantía","2","37422086"
"Belén","2024","Selección Abreviada de Menor Cuantía","5","480103357"
"Puerto Boyacá","2025","Concurso de méritos abierto","2","416709739"
"Tuta","2025","Contratación Directa (con ofertas)","17","1559950529.31"
"Tunja","2022","Contratación régimen especial (con ofertas)","46","38543967288.10"
"Macanal","2026","Selección abreviada subasta inversa","5","2303602337"
"Cubará","2024","Contratación Directa (con ofertas)","5","60515639"
"Tunja","2025","Contratación régimen especial","1687","432512221917.45"
"Santa Rosa De Viterbo","2026","Contratación régimen especial (con ofertas)","3","2502946348.42"
"La Uvita","2026","Concurso de méritos abierto","1","299999952"
"Turmequé","2019","Contratación régimen especial","1","645614270"
"Miraflores","2022","Contratación régimen especial (con ofertas)","13","2672025714.14"
"Paipa","2025","Contratación régimen especial","63","2092109930.45"
"Briceño","2024","Selección abreviada subasta inversa","1","105000000"
"Ventaquemada","2024","Contratación régimen especial (con ofertas)","3","1175000000"
"Socotá","2023","Mínima cuantía","6","87336179.05"
"Sogamoso","2023","Contratación régimen especial (con ofertas)","3","60500001"
"Tota","2021","Contratación régimen especial (con ofertas)","1","199644166"
"Motavita","2025","Licitación pública","1","512000000"
"Garagoa","2023","Mínima cuantía","10","158824263"
"San Eduardo","2021","Mínima cuantía","2","20691507.95"
"Firavitoba","2025","Contratación directa","98","2238289634.17"
"San Eduardo","2026","Selección Abreviada de Menor Cuantía","3","642278364.62"
"Chita","2026","Selección Abreviada de Menor Cuantía","7","1852953019.99"
"Sotaquirá","2021","Contratación régimen especial (con ofertas)","3","352604790"
"Tunja","2020","Contratación régimen especial","251","208222780091"
"Iza","2024","Mínima cuantía","42","672884359.96"
"Gachantivá","2025","Concurso de méritos abierto","2","248048301.02"
"Cómbita","2024","Concurso de méritos abierto","1","120000000"
"Sutamarchán","2025","Contratación régimen especial","3","66960000"
"Socotá","2024","Selección abreviada subasta inversa","3","1285670587.1"
"Nobsa","2025","Contratación directa","255","19580622171.50"
"Sogamoso","2021","Contratación directa","946","35530993613.45"
"Sora","2024","Selección Abreviada de Menor Cuantía","12","2429338166.45"
"Caldas","2024","Selección Abreviada de Menor Cuantía","8","1008635549"
"Tunja","2023","Licitación pública","24","96351210498.63"
"El Cocuy","2024","Selección Abreviada de Menor Cuantía","11","1866455524.39"
"Garagoa","2026","Mínima cuantía","53","1661336044.17"
"Tasco","2023","Contratación régimen especial (con ofertas)","5","1095462972.12"
"Tunja","2020","Licitación pública Obra Publica","1","5971766216.07"
"San Pablo De Borbur","2025","Contratación régimen especial","2","56400000"
"Boavita","2024","Mínima cuantía","57","1331807689.52"
"San Eduardo","2026","Contratación régimen especial (con ofertas)","7","896835345.18"
"Sativanorte","2025","Contratación directa","86","1548044911.03"
"Saboyá","2023","Contratación régimen especial (con ofertas)","3","1664284350.06"
"Motavita","2025","Mínima cuantía","37","689823717.63"
"Cómbita","2026","Selección Abreviada de Menor Cuantía","10","1910591604.6"
"Sora","2024","Concurso de méritos abierto","3","303596579.44"
"Boyacá","2024","Selección Abreviada de Menor Cuantía","12","2689264303.33"
"Sáchica","2023","Contratación directa","1","20130000"
"Aquitania","2023","Mínima cuantía","50","1073159419.67"
"Guateque","2020","Contratación régimen especial","3","162230000"
"Villa De Leyva","2024","Selección abreviada subasta inversa","8","2079755133.42"
"Sutatenza","2024","Contratación régimen especial (con ofertas)","2","255977376.9"
"Umbita","2022","Contratación régimen especial (con ofertas)","5","871643442.17"
"Cucaita","2026","Contratación Directa (con ofertas)","8","322060000"
"Aquitania","2023","Licitación pública Obra Publica","2","1010661283"
"Santa María","2025","Selección Abreviada de Menor Cuantía","6","1605355587.25"
"Maripí","2023","Contratación régimen especial (con ofertas)","5","1408272274.40"
"Pisba","2024","Concurso de méritos abierto","2","172101240"
"Tasco","2024","Contratación régimen especial (con ofertas)","10","2340571984.07"
"No Definido","2026","Concurso de méritos abierto","6","823655773.23"
"Moniquirá","2020","Mínima cuantía","22","154627353"
"Almeida","2018","Contratación régimen especial (con ofertas)","2","188166041.15"
"Nobsa","2025","Selección abreviada subasta inversa","9","2035833379.65"
"Pisba","2023","Mínima cuantía","10","135799427"
"Jenesano","2018","Contratación régimen especial","6","897742717"
"Cerinza","2025","Contratación directa","72","1043435890"
"Boyacá","2023","Contratación directa","11","42050000"
"Moniquirá","2026","Selección Abreviada de Menor Cuantía","3","496338929.72"
"Coper","2024","Contratación régimen especial","2","64100000"
"Moniquirá","2025","Licitación pública","1","2489681558"
"Santa Sofía","2025","Selección abreviada subasta inversa","1","699980000"
"Umbita","2023","Contratación régimen especial","1","24424169"
"Santana","2025","Selección Abreviada de Menor Cuantía","4","508054781.6"
"San Mateo","2023","Contratación régimen especial (con ofertas)","1","22900000"
"Motavita","2025","Seleccion Abreviada Menor Cuantia Sin Manifestacion Interes","1","883657592"
"Soracá","2025","Contratación régimen especial (con ofertas)","7","3205907239.67"
"Motavita","2026","Selección Abreviada de Menor Cuantía","7","1272645264.8"
"Briceño","2023","Selección Abreviada de Menor Cuantía","1","74902156"
"No Definido","2021","Selección Abreviada de Menor Cuantía","9","1262134903.65"
"Chivatá","2025","Contratación régimen especial (con ofertas)","2","548984667"
"Boavita","2024","Selección abreviada subasta inversa","1","199521532"
"Pauna","2018","Contratación régimen especial (con ofertas)","3","1912290000"
"Turmequé","2023","Contratación régimen especial","62","635802485"
"Santa María","2021","Contratación régimen especial (con ofertas)","4","474714657"
"Soatá","2024","Concurso de méritos abierto","2","395700000"
"No Definido","2024","Contratación directa","1082","17469127494.31"
"Sativasur","2025","Contratación directa","64","921246885.98"
"Chitaraque","2022","Contratación régimen especial (con ofertas)","1","492462900"
"Samacá","2025","Selección abreviada subasta inversa","8","1048437345.99"
"Chivatá","2025","Contratación directa","2","20000000"
"Tota","2026","Contratación régimen especial (con ofertas)","6","1560766009"
"Cucaita","2026","Licitación pública","1","481766800"
"Umbita","2025","Contratación régimen especial","5","666579856.8"
"Monguí","2025","Contratación directa","58","1486003021.33"
"Maripí","2026","Licitación pública","1","1107316000"
"Pesca","2018","Contratación régimen especial","1","307265250"
"Sáchica","2026","Licitación pública","1","876560460"
"Garagoa","2026","Concurso de méritos abierto","1","452941265.85"
"Samacá","2024","Selección Abreviada de Menor Cuantía","10","2512634510"
"Aquitania","2022","Selección abreviada subasta inversa","4","571229105"
"Nobsa","2026","Mínima cuantía","19","493821703"
"Motavita","2023","Mínima cuantía","3","88516492.5"
"Nobsa","2024","Selección Abreviada de Menor Cuantía","1","109800000"
"Boavita","2026","Licitación pública","1","472003016.75"
"Briceño","2025","Contratación régimen especial (con ofertas)","5","763737065.4"
"No Definido","2019","Contratación directa","2","37472400"
"Jenesano","2026","Contratación régimen especial (con ofertas)","10","2789911477.97"
"Betéitiva","2025","Mínima cuantía","41","845931388.07"
"Guacamayas","2022","Selección Abreviada de Menor Cuantía","1","35712000"
"Nobsa","2025","Licitación pública","1","809084858"
"Guateque","2023","Selección abreviada subasta inversa","1","39987927"
"Santa Rosa De Viterbo","2025","Contratación régimen especial (con ofertas)","8","3622868097.8"
"Pesca","2024","Selección abreviada subasta inversa","4","512877331"
"No Definido","2025","Contratación régimen especial","112","3371989447.95"
"Cubará","2025","Contratación régimen especial","9","1312697085"
"Paya","2024","Concurso de méritos abierto","2","277541944.75"
"Villa De Leyva","2025","Contratación Directa (con ofertas)","18","1626920830.3"
"Puerto Boyacá","2021","Selección Abreviada de Menor Cuantía","21","3160277979"
"Sutamarchán","2024","Seleccion Abreviada Menor Cuantia Sin Manifestacion Interes","1","1189471265.03"
"Tipacoque","2025","Contratación régimen especial (con ofertas)","10","2136423972.62"
"Sotaquirá","2026","Selección abreviada subasta inversa","1","349920604"
"No Definido","2023","Licitación pública","3","3955139579.8"
"Coper","2025","Selección Abreviada de Menor Cuantía","8","1924813478.68"
"Floresta","2026","Concurso de méritos abierto","2","215404830"
"San Miguel De Sema","2026","Contratación régimen especial (con ofertas)","3","1024714810.46"
"Briceño","2024","Contratación Directa (con ofertas)","3","137127886"
"Panqueba","2026","Contratación régimen especial (con ofertas)","4","738282753.98"
"No Definido","2021","Contratación régimen especial","9","713024006"
"Corrales","2024","Mínima cuantía","50","1110296775.11"
"Iza","2019","Contratación régimen especial","3","3"
"Chivatá","2025","Mínima cuantía","10","243330338.97"
"Tuta","2025","Contratación directa","190","2616563732.02"
"Sotaquirá","2026","Mínima cuantía","26","1094551372.75"
"Turmequé","2019","Contratación régimen especial (con ofertas)","1","100493089"
"Coper","2025","Mínima cuantía","49","807127177.11"
"Miraflores","2023","Licitación pública Obra Publica","2","986059301.24"
"Sora","2026","Contratación régimen especial (con ofertas)","1","73500000"
"Tutazá","2025","Contratación régimen especial (con ofertas)","10","873998207.76"
"Villa De Leyva","2023","Selección abreviada subasta inversa","10","1654082058.68"
"Coper","2025","Concurso de méritos abierto","1","84549723"
"No Definido","2022","Concurso de méritos abierto","2","178536942.39"
"Santa María","2024","Enajenación de bienes con sobre cerrado","1","26957000"
"Iza","2024","Selección Abreviada de Menor Cuantía","3","362665671.55"
"Belén","2023","Contratación régimen especial (con ofertas)","15","7993503519.77"
"Tunja","2026","Concurso de méritos abierto","10","4417389177.13"
"Sora","2025","Mínima cuantía","41","803386659.06"
"Sáchica","2021","Contratación directa","2","34392000"
"Coper","2025","Selección abreviada subasta inversa","2","219318915"
"Sutamarchán","2021","Contratación régimen especial","1","69599575"
"No Definido","2023","Selección abreviada subasta inversa","14","5664124609"
"Sora","2021","Contratación régimen especial (con ofertas)","3","320491277"
"Togüí","2024","Contratación régimen especial (con ofertas)","12","1381452841.2"
"Tópaga","2022","Mínima cuantía","1","26170000"
"Susacón","2024","Mínima cuantía","27","609715233.75"
"Briceño","2026","Contratación régimen especial (con ofertas)","5","913375912.88"
"Ramiriquí","2025","Selección abreviada subasta inversa","3","525800045.01"
"Cómbita","2025","Selección Abreviada de Menor Cuantía","13","2328796238"
"No Definido","2024","Licitación pública Obra Publica","9","7620568939.88"
"Chitaraque","2020","Contratación régimen especial (con ofertas)","3","718929381"
"Sáchica","2026","Mínima cuantía","32","860550963.11"
"Paipa","2026","Mínima cuantía","7","151097602"
"Iza","2020","Contratación directa","1","1"
"Berbeo","2026","Selección abreviada subasta inversa","1","75850000"
"No Definido","2018","Contratación directa","2","36000000"
"Tunja","2024","Mínima cuantía","404","16211994172.98"
"Cómbita","2024","Selección abreviada subasta inversa","3","774761813"
"Tinjacá","2024","Concurso de méritos abierto","1","59987900"
"Sora","2024","Contratación directa","82","1308928862.4"
"Tasco","2022","Contratación régimen especial (con ofertas)","7","1440172549.93"
"Santa Sofía","2023","Contratación régimen especial (con ofertas)","5","957074169.03"
"Cerinza","2025","Selección Abreviada de Menor Cuantía","2","121146831.75"
"No Definido","2026","Selección abreviada subasta inversa","33","7820738069.44"
"Puerto Boyacá","2024","Mínima cuantía","118","2691408665"
"Tunja","2022","Selección Abreviada de Menor Cuantía","80","19156392502.54"
"Iza","2025","Contratación directa","97","1472199537.4"
"Motavita","2024","Contratación régimen especial (con ofertas)","7","1465084259.65"
"San Luis De Gaceno","2024","Contratación directa","1","150000000"
"Tasco","2023","Mínima cuantía","8","145001426.51"
"Villa De Leyva","2025","Licitación pública","1","545000000"
"Chiquinquirá","2026","Selección Abreviada de Menor Cuantía","9","1982747804.90"
"Duitama","2023","Contratación régimen especial (con ofertas)","9","10334255789"
"Berbeo","2025","Contratación directa","63","1626066476.83"
"Sativanorte","2024","Contratación directa","77","1774287666.24"
"Motavita","2025","Contratación Directa (con ofertas)","2","180246605.6"
"Tunja","2020","Mínima cuantía","251","8991584771.92"
"Cubará","2023","Selección abreviada subasta inversa","1","451680000"
"Cuítiva","2024","Mínima cuantía","1","2608000"
"Villa De Leyva","2022","Contratación directa","144","2779934119.32"
"Duitama","2022","Mínima cuantía","138","3247143384.25"
"Puerto Boyacá","2024","Licitación pública","10","24125054500.23"
"Boavita","2025","Selección abreviada subasta inversa","1","232560000"
"Tunja","2018","Mínima cuantía","98","6229612412.27"
"Moniquirá","2025","Selección abreviada subasta inversa","7","2981583031"
"Monguí","2026","Contratación régimen especial (con ofertas)","5","1500451260.86"
"Berbeo","2025","Mínima cuantía","43","985965509.45"
"Sutamarchán","2025","Selección Abreviada de Menor Cuantía","3","785797057.45"
"Paipa","2024","Selección abreviada subasta inversa","1","50565900"
"Saboyá","2018","Contratación régimen especial","1","3000000"
"Somondoco","2023","Contratación régimen especial (con ofertas)","7","886767262.50"
"Chiquinquirá","2026","Contratación régimen especial (con ofertas)","10","10512946304.75"
"Chiquinquirá","2021","Mínima cuantía","44","562250772.92"
"Gachantivá","2024","Mínima cuantía","32","743503222.52"
"Chitaraque","2024","Selección Abreviada de Menor Cuantía","8","1676218259.09"
"Duitama","2020","Contratación directa","161","4879922740"
"Boavita","2018","Contratación régimen especial","1","190066650"
"Turmequé","2025","Contratación régimen especial (con ofertas)","7","15685521638.55"
"Gachantivá","2023","Mínima cuantía","10","177656302"
"Chiquinquirá","2026","Mínima cuantía","56","1596086471.34"
"Tuta","2024","Contratación directa","168","2446149961.82"
"Tunja","2022","Selección abreviada subasta inversa","58","26262507429.65"
"Chitaraque","2024","Contratación directa","115","1601509436.85"
"Socotá","2026","Mínima cuantía","29","1061428017.79"
"Villa De Leyva","2018","Contratación régimen especial (con ofertas)","1","236000000"
"Pisba","2025","Selección Abreviada de Menor Cuantía","2","515035880.61"
"Maripí","2024","Licitación pública","1","606140400"
"No Definido","2025","Licitación pública","1","1647628709.26"
"Soatá","2025","Concurso de méritos abierto","1","86100000"
"Briceño","2023","Contratación directa","7","25924182"
"Duitama","2026","Selección Abreviada de Menor Cuantía","8","4023951607.25"
"Sutamarchán","2024","Selección abreviada subasta inversa","1","94047575"
"Boavita","2019","Contratación régimen especial (con ofertas)","2","597532290"
"Sutatenza","2022","Contratación régimen especial (con ofertas)","1","35984550"
"Motavita","2019","Contratación régimen especial","1","62350000"
"San Miguel De Sema","2023","Contratación régimen especial (con ofertas)","1","180000000"
"Oicatá","2025","Contratación régimen especial (con ofertas)","6","660244645"
"Tasco","2024","Selección abreviada subasta inversa","4","425554000"
"Quípama","2022","Contratación directa","1","5000000000"
"Guayatá","2026","Mínima cuantía","1","1570800"
"Puerto Boyacá","2022","Mínima cuantía","155","2869362196.5"
"Tinjacá","2025","Contratación Directa (con ofertas)","2","225259090"
"Muzo","2024","Contratación régimen especial (con ofertas)","5","1820911675.58"
"La Uvita","2026","Contratación régimen especial (con ofertas)","9","1195921225"
"Tipacoque","2023","Selección Abreviada de Menor Cuantía","1","59999793.13"
"Tibasosa","2020","Contratación régimen especial","11","1613444595.02"
"San Mateo","2023","Selección Abreviada de Menor Cuantía","1","38966086.8"
"Soatá","2024","Selección Abreviada de Menor Cuantía","4","748634938.57"
"Duitama","2019","Contratación régimen especial","1","49200000"
"Duitama","2022","Concurso de méritos abierto","4","2048131778"
"Tota","2022","Contratación régimen especial (con ofertas)","5","529973231.63"
"Tunja","2019","Mínima cuantía","158","6117935502.72"
"Sativanorte","2023","Contratación directa","2","5750000"
"Sora","2025","Contratación Directa (con ofertas)","3","156291180.4"
"Pisba","2024","Contratación Directa (con ofertas)","8","181297553.38"
"Paipa","2025","Contratación directa","89","853878840.97"
"Betéitiva","2024","Contratación régimen especial","1","33000000"
"Macanal","2024","Concurso de méritos abierto","1","147840730.52"
"Sativasur","2026","Mínima cuantía","15","322154743"
"No Definido","2018","Selección abreviada subasta inversa","1","127335746.49"
"Pisba","2025","Contratación Directa (con ofertas)","1","249999920"
"Monguí","2026","Contratación Directa (con ofertas)","1","123309229"
"Chiquinquirá","2024","Contratación directa","459","12221448784.60"
"Panqueba","2022","Mínima cuantía","1","20905000"
"Sativasur","2025","Selección Abreviada de Menor Cuantía","3","725553258"
"Sotaquirá","2024","Contratación régimen especial (con ofertas)","10","2311702761.20"
"San Mateo","2026","Contratación directa","38","966665993"
"Tota","2026","Selección abreviada subasta inversa","1","240000000"
"Garagoa","2024","Selección Abreviada de Menor Cuantía","3","428058581"
"Guateque","2024","Contratación régimen especial (con ofertas)","28","3346681177"
"Tunja","2020","Licitación pública","6","15978523921.5"
"Samacá","2024","Contratación régimen especial (con ofertas)","15","4373496676.96"
"Tópaga","2022","Contratación directa","3","8900000"
"San Eduardo","2025","Selección Abreviada de Menor Cuantía","7","1406612212.52"
"Pesca","2026","Contratación régimen especial","68","1350038215"
"Cubará","2023","Contratación Directa (con ofertas)","6","41491135"
"Tinjacá","2023","Contratación régimen especial","18","90521793"
"Togüí","2023","Contratación régimen especial (con ofertas)","6","670905932"
"Pauna","2021","Contratación régimen especial","1","20000000"
"Caldas","2023","Contratación régimen especial (con ofertas)","3","377634927.65"
"Chita","2024","Selección abreviada subasta inversa","1","115300000"
"Paz De Río","2025","Contratación régimen especial (con ofertas)","4","1082405836"
"Garagoa","2025","Licitación pública Obra Publica","1","796020159.96"
"Aquitania","2025","Contratación directa","134","5015637867.8"
"Muzo","2025","Contratación Directa (con ofertas)","1","6000000"
"Saboyá","2025","Contratación directa","1","6000000"
"Nobsa","2026","Concurso de méritos abierto","2","225030564"
"Tunja","2021","Concurso de méritos abierto","4","1179256707"
"Chinavita","2024","Contratación directa","1","500000000"
"Arcabuco","2024","Contratación régimen especial","6","47011717"
"Berbeo","2026","Mínima cuantía","27","730237733.11"
"Floresta","2026","Contratación régimen especial (con ofertas)","4","769242938.47"
"Briceño","2025","Contratación Directa (con ofertas)","6","2522465034.6"
"Susacón","2022","Contratación régimen especial (con ofertas)","3","379638752.2"
"Miraflores","2022","Contratación directa","2","110000000"
"Nuevo Colón","2024","Selección Abreviada de Menor Cuantía","9","2500096778.35"
"Cucaita","2025","Selección abreviada subasta inversa","3","175312361"
"Chita","2026","Selección abreviada subasta inversa","4","674830950"
"Soatá","2025","Mínima cuantía","36","871175090.25"
"Chita","2026","Contratación régimen especial (con ofertas)","3","2221201459.03"
"Paipa","2025","Selección abreviada subasta inversa","1","46570800"
"Paz De Río","2025","Selección Abreviada de Menor Cuantía","8","1048637048.69"
"Ramiriquí","2023","Licitación pública Obra Publica","1","1565823189.64"
"Soatá","2024","Contratación régimen especial","3","234687000"
"San Pablo De Borbur","2026","Mínima cuantía","33","902773899"
"Aquitania","2024","Concurso de méritos abierto","3","305571000"
"Duitama","2020","Enajenación de bienes con sobre cerrado","1","9000000"
"Corrales","2025","Selección Abreviada de Menor Cuantía","1","412975900"
"Floresta","2025","Mínima cuantía","16","408706941.59"
"Guayatá","2026","Contratación directa","1","5000000"
"Garagoa","2026","Selección Abreviada de Menor Cuantía","5","936909102"
"Corrales","2017","Contratación régimen especial (con ofertas)","2","152000000"
"No Definido","2022","Contratación régimen especial","38","1688068453.31"
"Monguí","2025","Contratación Directa (con ofertas)","4","2004467617.67"
"Tibasosa","2023","Contratación directa","203","13115821049.24"
"Caldas","2026","Contratación directa","65","1089590519.67"
"Berbeo","2024","Contratación directa","69","1204723122.33"
"Sogamoso","2026","Mínima cuantía","130","5177464335.56"
"Samacá","2023","Contratación directa","16","764238970"
"Duitama","2023","Contratación Directa (con ofertas)","10","1452527481"
"Villa De Leyva","2021","Licitación pública Obra Publica","3","2150879721.14"
"Chita","2022","Contratación régimen especial (con ofertas)","2","886509212"
"Santana","2025","Mínima cuantía","48","1099797549.04"
"No Definido","2020","Contratación directa","2","43771296"
"Tasco","2022","Selección Abreviada de Menor Cuantía","1","54000000"
"Sutamarchán","2024","Contratación régimen especial (con ofertas)","6","1480989558.56"
"Cubará","2025","Mínima cuantía","1","25067600"
"Sogamoso","2023","Licitación pública Obra Publica","10","34170599206.31"
"Tunja","2021","Mínima cuantía","337","10648147882.17"
"Susacón","2023","Mínima cuantía","5","58668194.97"
"Sogamoso","2021","Contratación régimen especial (con ofertas)","2","40000000"
"Susacón","2025","Concurso de méritos abierto","1","50000000"
"Socotá","2025","Contratación directa","168","3373931060.39"
"Tuta","2018","Contratación régimen especial","2","461227200"
"Duitama","2023","Licitación pública","6","17771692649"
"Villa De Leyva","2024","Selección Abreviada de Menor Cuantía","6","957183460.9"
"Santa María","2023","Selección abreviada subasta inversa","2","222852174"
"Maripí","2024","Contratación régimen especial (con ofertas)","9","2267878943.00"
"La Uvita","2026","Contratación directa","92","1503051440.19"
"Saboyá","2023","Contratación régimen especial","17","222568421"
"Nobsa","2026","Contratación régimen especial (con ofertas)","10","7766839325.43"
"Cubará","2025","Contratación directa","3","44550000"
"Tota","2021","Contratación régimen especial","3","1200010"
"Tipacoque","2024","Contratación directa","1","33750000"
"Togüí","2023","Contratación régimen especial","1","1091619"
"Tibasosa","2026","Mínima cuantía","37","1023664799.93"
"Aquitania","2024","Seleccion Abreviada Menor Cuantia Sin Manifestacion Interes","1","421956450"
"Somondoco","2025","Mínima cuantía","47","1030304250.72"
"Nobsa","2025","Mínima cuantía","60","1638812446.65"
"Ramiriquí","2025","Selección Abreviada de Menor Cuantía","15","2910001698.64"
"Susacón","2026","Contratación directa","49","1054380238.15"
"Nuevo Colón","2026","Mínima cuantía","32","1002289991.76"
"Duitama","2020","Selección Abreviada de Menor Cuantía","5","1408719552"
"Firavitoba","2024","Contratación directa","100","1410371148"
"Corrales","2025","Contratación régimen especial (con ofertas)","8","1460044764"
"Nuevo Colón","2026","Contratación directa","76","1447999642.80"
"Tunja","2023","Contratación régimen especial","693","123965210262.61"
"Tibasosa","2024","Concurso de méritos abierto","1","99999700"
"Coper","2023","Contratación régimen especial (con ofertas)","3","289909244.98"
"No Definido","2025","Licitación pública Obra Publica","6","3719174505.49"
"Corrales","2023","Contratación directa","7","82080000"
"Miraflores","2024","Contratación régimen especial","30","866358062"
"Pisba","2023","Contratación régimen especial (con ofertas)","5","1088573405.46"
"Quípama","2026","Contratación régimen especial (con ofertas)","4","2287649730.46"
"Garagoa","2024","Licitación pública","1","150000000"
"No Definido","2021","Selección abreviada subasta inversa","16","2952241035.45"
"Moniquirá","2026","Concurso de méritos abierto","2","575970089"
"Santana","2018","Contratación régimen especial (con ofertas)","3","496245975"
"Villa De Leyva","2022","Selección abreviada subasta inversa","6","855359841.52"
"Boavita","2024","Licitación pública Obra Publica","1","387400795"
"Miraflores","2026","Selección abreviada subasta inversa","4","1077961789.87"
"Ramiriquí","2026","Contratación régimen especial","4","173981000"
"Ráquira","2022","Contratación régimen especial (con ofertas)","2","651148845"
"San Eduardo","2025","Contratación Directa (con ofertas)","1","21423675.06"
"Santa María","2025","Contratación régimen especial (con ofertas)","4","1102594568"
"Sativanorte","2025","Contratación régimen especial (con ofertas)","10","1440110123.7"
"Iza","2021","Contratación régimen especial (con ofertas)","9","528976108"
"Tota","2025","Mínima cuantía","42","1126684794.72"
"No Definido","2024","Concurso de méritos abierto","8","863004376.23"
"Boavita","2023","Mínima cuantía","5","113532364.15"
"Coper","2021","Contratación régimen especial (con ofertas)","1","101199605"
"Saboyá","2024","Contratación régimen especial (con ofertas)","5","2989592177.76"
"Puerto Boyacá","2023","Selección Abreviada de Menor Cuantía","22","2795663585.12"
"San Eduardo","2025","Selección abreviada subasta inversa","4","496803184.49"
"Garagoa","2025","Contratación directa","205","23676396797.90"
"Tuta","2026","Selección Abreviada de Menor Cuantía","8","2175582840.99"
"Aquitania","2024","Mínima cuantía","34","757032001"
"Cerinza","2024","Contratación régimen especial","1","182428571.43"
"San Pablo De Borbur","2026","Selección Abreviada de Menor Cuantía","5","1521645010.14"
"Ventaquemada","2025","Contratación régimen especial (con ofertas)","2","343277000"
"Tuta","2025","Licitación pública","1","439328000"
"El Espino","2024","Contratación régimen especial (con ofertas)","4","414808065.7"
"Gachantivá","2023","Contratación régimen especial","6","909869598.98"
"Tipacoque","2022","Contratación régimen especial","8","79846000"
"La Uvita","2024","Mínima cuantía","34","829083143.86"
"Tota","2026","Contratación directa","82","2281235108.00"
"Pesca","2025","Contratación directa","103","3187331661"
"Guateque","2020","Contratación régimen especial (con ofertas)","2","339220850"
"Almeida","2021","Contratación régimen especial","1","2200000"
"Paya","2025","Selección abreviada subasta inversa","7","1179236271.2"
"Betéitiva","2026","Mínima cuantía","24","614589547.94"
"Motavita","2021","Contratación régimen especial (con ofertas)","4","584274740"
"Puerto Boyacá","2021","Concurso de méritos abierto","2","160668064"
"Aquitania","2022","Contratación régimen especial (con ofertas)","7","1373651067.35"
"Cucaita","2023","Contratación directa","2","35600000"
"Soracá","2025","Mínima cuantía","3","46172523.58"
"Moniquirá","2021","Contratación régimen especial (con ofertas)","3","1672067575"
"Sogamoso","2023","Concurso de méritos abierto","16","4006642876.37"
"Soatá","2026","Contratación directa","91","1588999600"
"Floresta","2022","Contratación régimen especial (con ofertas)","2","625400000"
"Sáchica","2026","Contratación régimen especial (con ofertas)","6","1172951071.97"
"Tunja","2021","Contratación Directa (con ofertas)","142","74150195053.42"
"Tunja","2021","Contratación directa","5518","463516687748.87"
"Maripí","2024","Mínima cuantía","48","1230687730.34"
"Sotaquirá","2022","Contratación directa","1","9000000"
"Santana","2023","Contratación régimen especial (con ofertas)","3","1335625745.80"
"Moniquirá","2022","Selección abreviada subasta inversa","2","220650329"
"Tuta","2023","Selección Abreviada de Menor Cuantía","4","816739990.12"
"Briceño","2025","Concurso de méritos abierto","1","240000000"
"Sativasur","2026","Contratación régimen especial (con ofertas)","2","195678236.2"
"Sogamoso","2024","Mínima cuantía","223","7485681985.31"
"Caldas","2022","Contratación régimen especial","1","167610000"
"Gachantivá","2022","Contratación régimen especial","12","1109106064.92"
"No Definido","2020","Contratación régimen especial","4","212758395.98"
"Paya","2025","Contratación Directa (con ofertas)","6","5433732761.09"
"Ramiriquí","2025","Licitación pública","1","734261562.02"
"Sativasur","2025","Contratación Directa (con ofertas)","5","149727278"
"Santana","2023","Contratación régimen especial","1","32500000"
"Belén","2025","Mínima cuantía","39","717743720.83"
"Duitama","2021","Mínima cuantía","83","1618973048.25"
"Floresta","2026","Mínima cuantía","32","869679652.90"
"Güicán","2023","Mínima cuantía","1","970120"
"Tinjacá","2021","Contratación régimen especial (con ofertas)","1","133836390"
"Chitaraque","2025","Selección Abreviada de Menor Cuantía","5","1127899463.29"
"Socotá","2024","Mínima cuantía","30","877645580.08"
"Briceño","2023","Contratación Directa (con ofertas)","1","6000000"
"Chiquinquirá","2025","Selección Abreviada de Menor Cuantía","12","2521671965.13"
"Villa De Leyva","2025","Contratación régimen especial (con ofertas)","17","6717928954.97"
"Tutazá","2019","Contratación régimen especial (con ofertas)","6","543324900.35"
"Susacón","2025","Licitación pública Obra Publica","1","603860304.55"
"Puerto Boyacá","2025","Contratación régimen especial","73","3756144782"
"Paipa","2023","Mínima cuantía","48","1080198194.92"
"Boavita","2024","Concurso de méritos abierto","1","55576868"
"San Pablo De Borbur","2023","Mínima cuantía","8","121015661.84"
"Corrales","2024","Concurso de méritos abierto","1","106649706.38"
"Sutatenza","2025","Contratación régimen especial (con ofertas)","3","663174525"
"Sutamarchán","2023","Contratación régimen especial (con ofertas)","4","1368516679.79"
"Pesca","2024","Selección Abreviada de Menor Cuantía","5","1084502635.06"
"Muzo","2025","Contratación directa","1","6312000"
"Muzo","2022","Contratación régimen especial (con ofertas)","3","623868783.89"
"Puerto Boyacá","2024","Contratación directa","595","11550731631.48"
"No Definido","2021","Contratación directa","284","3094771485.38"
"Sutatenza","2020","Contratación directa","1","10000000"
"Sotaquirá","2024","Contratación régimen especial","1","454719493"
"Villa De Leyva","2021","Contratación régimen especial (con ofertas)","8","3510744780"
"Tunja","2025","Licitación pública Obra Publica","10","87002796946.14"
"Nuevo Colón","2025","Contratación régimen especial (con ofertas)","5","948644953"
"Paya","2026","Licitación pública Obra Publica","1","1423080629.83"
"Guateque","2024","Mínima cuantía","61","1207210997.04"
"No Definido","2019","Contratación régimen especial (con ofertas)","18","5226265857"
"No Definido","2022","Contratación directa","350","6342120710.56"
"Moniquirá","2025","Contratación régimen especial","195","20921781357.79"
"Samacá","2024","Selección abreviada subasta inversa","5","4697137150"
"Sáchica","2025","Selección abreviada subasta inversa","2","1150381856"
"Chiquinquirá","2022","Contratación régimen especial","6","228609100"
"Sutamarchán","2026","Selección abreviada subasta inversa","2","642133172"
"Puerto Boyacá","2023","Contratación régimen especial","165","14165438864"
"Macanal","2024","Contratación directa","72","1468719223.69"
"Chiquinquirá","2021","Selección Abreviada de Menor Cuantía","10","1647178360.19"
"Chita","2023","Selección abreviada subasta inversa","2","132999384.8"
"Tenza","2020","Contratación régimen especial (con ofertas)","3","94823633504"
"Briceño","2020","Contratación régimen especial (con ofertas)","1","72600000"
"Villa De Leyva","2026","Concurso de méritos abierto","1","436659000"
"Firavitoba","2026","Selección abreviada subasta inversa","4","440471130"
"Somondoco","2021","Contratación régimen especial (con ofertas)","3","247999910"
"Buenavista","2026","Contratación régimen especial (con ofertas)","7","1897443095.87"
"Miraflores","2017","Contratación régimen especial (con ofertas)","3","731101547"
"Tibasosa","2022","Mínima cuantía","11","173662462"
"Pauna","2022","Contratación régimen especial (con ofertas)","5","1754753816.48"
"Guateque","2023","Contratación régimen especial (con ofertas)","27","12926862969.34"
"Tipacoque","2026","Contratación régimen especial (con ofertas)","2","431687242885"
"Turmequé","2026","Contratación directa","2","180713678.97"
"Sotaquirá","2025","Concurso de méritos abierto","2","179452000"
"Ráquira","2026","Contratación Directa (con ofertas)","2","681100000"
"Puerto Boyacá","2021","Selección abreviada subasta inversa","16","1494780494.25"
"Chiquinquirá","2021","Licitación pública Obra Publica","1","1061534490.11"
"Paya","2026","Mínima cuantía","20","738287576.65"
"Santa Rosa De Viterbo","2022","Contratación régimen especial","1","25236400"
"Sogamoso","2026","Selección abreviada subasta inversa","16","3614939578.32"
"Santa María","2025","Contratación directa","83","3007170466.74"
"Sora","2025","Contratación régimen especial (con ofertas)","2","84957333"
"Tuta","2026","Contratación régimen especial","151","2800532728.35"
"Ramiriquí","2023","Selección Abreviada de Menor Cuantía","7","827688973.20"
"Gachantivá","2021","Contratación régimen especial","9","814714896"
"Boyacá","2024","Seleccion Abreviada Menor Cuantia Sin Manifestacion Interes","1","621173874.28"
"Betéitiva","2025","Contratación directa","87","2845197540"
"Belén","2020","Contratación régimen especial (con ofertas)","4","853067950"
"Villa De Leyva","2026","Contratación Directa (con ofertas)","2","412592736"
"Cuítiva","2024","Contratación régimen especial (con ofertas)","7","742359116.43"
"Chinavita","2026","Contratación régimen especial (con ofertas)","5","457136958.47"
"Chiquinquirá","2021","Contratación directa","206","1757518075.32"
"Tasco","2025","Selección abreviada subasta inversa","3","414574625.33"
"Iza","2017","Contratación régimen especial (con ofertas)","3","184164500"
"Sogamoso","2020","Selección Abreviada de Menor Cuantía","8","1406388827.71"
"Floresta","2025","Selección Abreviada de Menor Cuantía","1","95980000"
"Cerinza","2024","Contratación Directa (con ofertas)","4","130207074.4"
"Pesca","2026","Mínima cuantía","22","469967112.3"
"Gameza","2021","Contratación régimen especial (con ofertas)","1","242905770"
"Panqueba","2022","Contratación régimen especial (con ofertas)","1","99798500"
"Chivatá","2020","Contratación régimen especial","1","32211135"
"Corrales","2023","Mínima cuantía","6","100799063"
"Puerto Boyacá","2026","Selección Abreviada de Menor Cuantía","8","1919984056"
"Santa María","2024","Selección abreviada subasta inversa","2","450822598"
"Sáchica","2025","Contratación directa","101","3013483761.55"
"Tuta","2025","Contratación régimen especial","122","2287641003.65"
"No Definido","2021","Licitación pública Obra Publica","5","7692911671.19"
"Tunja","2020","Concurso de méritos abierto","8","2726210943"
"Toca","2025","Mínima cuantía","3","7618806"
"No Definido","2023","Mínima cuantía","156","4655694742.50"
"No Definido","2026","Contratación Directa (con ofertas)","4","702547258.62"
"Betéitiva","2025","Selección Abreviada de Menor Cuantía","2","473106393.53"
"Paz De Río","2026","Contratación régimen especial","2","36769000"
"San José De Pare","2018","Contratación régimen especial","1","0"
"San Eduardo","2024","Contratación régimen especial (con ofertas)","1","44154631"
"Covarachía","2025","Mínima cuantía","43","919139519.73"
"Pauna","2024","Contratación directa","129","2142957760"
"Toca","2026","Mínima cuantía","2","9096000"
"Briceño","2024","Contratación régimen especial (con ofertas)","7","1052592396.93"
"Paya","2025","Selección Abreviada de Menor Cuantía","3","873115374.33"
"Villa De Leyva","2019","Contratación régimen especial (con ofertas)","2","307398307"
"Tipacoque","2025","Contratación directa","2","111626645.61"
"Tota","2026","Mínima cuantía","23","599851149.88"
"Ramiriquí","2022","Contratación directa","3","4028500000"
"Pesca","2025","Selección Abreviada de Menor Cuantía","5","1193631272.66"
"Nobsa","2024","Contratación Directa (con ofertas)","5","1091278523.3"
"Briceño","2025","Selección Abreviada de Menor Cuantía","8","967687072.72"
"Tunja","2026","Contratación directa","6254","315703495892.34"
"Aquitania","2024","Contratación directa","142","2376615162.43"
"Siachoque","2025","Contratación directa","2","4000000"
"Pauna","2024","Selección abreviada subasta inversa","4","1092261656"
"Gachantivá","2026","Contratación Directa (con ofertas)","1","104034000"
"Almeida","2021","Contratación régimen especial (con ofertas)","4","379132899"
"Labranzagrande","2022","Contratación régimen especial (con ofertas)","1","169998475"
"San Mateo","2023","Mínima cuantía","5","69974232.65"
"Gachantivá","2025","Licitación pública Obra Publica","1","1547992440.44"
"Chiquinquirá","2023","Contratación régimen especial","23","408941164"
"Betéitiva","2023","Contratación régimen especial (con ofertas)","11","1754098208.47"
"Tinjacá","2024","Mínima cuantía","28","614175307.39"
"Tuta","2024","Contratación régimen especial (con ofertas)","11","4521628499.94"
"Sogamoso","2022","Contratación directa","1573","41002206440.80"
"Belén","2025","Contratación régimen especial (con ofertas)","9","3098427910"
"Jenesano","2025","Contratación régimen especial (con ofertas)","10","2430860427"
"Floresta","2025","Selección abreviada subasta inversa","1","73300000"
"Tunja","2026","Selección Abreviada de Menor Cuantía","30","15640608982.14"
"Villa De Leyva","2025","Mínima cuantía","35","1149736030.45"
"Sáchica","2023","Contratación régimen especial (con ofertas)","4","1140177522.51"
"Corrales","2023","Contratación régimen especial (con ofertas)","4","1076850371.51"
"Chiquinquirá","2024","Selección abreviada subasta inversa","4","681605821.13"
"Guateque","2025","Selección Abreviada de Menor Cuantía","6","826062922.66"
"Samacá","2023","Concurso de méritos abierto","1","140170100"
"Motavita","2020","Contratación régimen especial (con ofertas)","8","929615069.58"
"Samacá","2024","Contratación régimen especial","79","970125372.52"
"Villa De Leyva","2021","Licitación pública","1","420028016"
"Sogamoso","2024","Contratación directa","1958","65631273963.84"
"Tibasosa","2025","Concurso de méritos abierto","7","1106148532"
"Sotaquirá","2023","Contratación régimen especial","1","21700000"
"Cerinza","2020","Contratación régimen especial (con ofertas)","1","140449725"
"Chivatá","2026","Contratación Directa (con ofertas)","2","188470618.68"
"Motavita","2023","Contratación régimen especial (con ofertas)","9","1923806150.66"
"Macanal","2023","Contratación régimen especial (con ofertas)","5","1391257655.57"
"La Uvita","2025","Selección Abreviada de Menor Cuantía","3","756209869.11"
"Sogamoso","2021","Concurso de méritos abierto","4","808366143.4"
"Aquitania","2026","Selección Abreviada de Menor Cuantía","3","736795533"
"Tutazá","2023","Contratación régimen especial (con ofertas)","6","748316684.24"
"Chitaraque","2019","Contratación régimen especial","1","322423836"
"Villa De Leyva","2026","Selección abreviada subasta inversa","6","1445498000"
"Maripí","2023","Contratación directa","24","189760838"
"Berbeo","2026","Contratación directa","86","1449960198"
"Villa De Leyva","2023","Selección Abreviada de Menor Cuantía","19","3257807174.19"
"Pisba","2026","Contratación régimen especial (con ofertas)","2","495683059.98"
"San Mateo","2026","Mínima cuantía","39","893458048.22"
"Sotaquirá","2026","Contratación directa","96","2063150191.33"
"San José De Pare","2025","Contratación régimen especial (con ofertas)","10","1357779530.66"
"Tunja","2019","Licitación pública","5","11515159070.97"
"Tunja","2026","Mínima cuantía","251","12104496629.08"
"Floresta","2020","Contratación régimen especial (con ofertas)","2","319510000"
"Chivor","2019","Contratación régimen especial (con ofertas)","1","304120760"
"Covarachía","2025","Contratación régimen especial","6","1678258474"
"Paya","2018","Contratación Directa (con ofertas)","6","911784159"
"Garagoa","2022","Contratación régimen especial (con ofertas)","1","11222260145.02"
"Socha","2025","Contratación régimen especial (con ofertas)","2","626172322"
"Chivatá","2026","Mínima cuantía","23","808906925.58"
"Macanal","2025","Selección abreviada subasta inversa","8","3005034453"
"Puerto Boyacá","2022","Contratación régimen especial (con ofertas)","1","1"
"Briceño","2024","Concurso de méritos abierto","1","51000000"
"Villa De Leyva","2024","Contratación régimen especial","16","570006247.65"
"Umbita","2025","Contratación régimen especial (con ofertas)","4","1043469432.24"
"Macanal","2018","Contratación régimen especial (con ofertas)","4","781038202"
"Sáchica","2026","Selección Abreviada de Menor Cuantía","11","2599490361.63"
"Tota","2024","Contratación Directa (con ofertas)","3","172384968"
"Paipa","2022","Contratación directa","34","230100984"
"Chinavita","2019","Contratación régimen especial (con ofertas)","3","499304921"
"Nobsa","2025","Contratación régimen especial (con ofertas)","17","12571709963.69"
"La Uvita","2023","Contratación régimen especial (con ofertas)","11","6316118204.25"
"Soatá","2026","Mínima cuantía","18","533352445.48"
"Soatá","2022","Contratación régimen especial (con ofertas)","2","451403700"
"Tópaga","2025","Contratación régimen especial","2","55864242"
"Chivatá","2026","Selección Abreviada de Menor Cuantía","4","963838088.21"
"Betéitiva","2025","Concurso de méritos abierto","2","427259362"
"Iza","2023","Contratación directa","4","20700000"
"Paipa","2024","Mínima cuantía","16","343452696.3"
"Soracá","2023","Contratación régimen especial (con ofertas)","2","262559532"
"Pisba","2023","Selección Abreviada de Menor Cuantía","1","342087363"
"Siachoque","2021","Contratación régimen especial (con ofertas)","1","301022659"
"No Definido","2026","Contratación régimen especial (con ofertas)","49","18833867869.04"
"Garagoa","2026","Selección abreviada subasta inversa","3","2317566834.47"
"Macanal","2024","Mínima cuantía","52","1560575421.35"
"Nuevo Colón","2021","Contratación régimen especial","1","3600000"
"Iza","2025","Concurso de méritos abierto","2","187741297"
"Caldas","2024","Mínima cuantía","28","610540589.9"
"Tunja","2022","Contratación directa","7057","283421483391.74"
"Saboyá","2021","Contratación régimen especial (con ofertas)","4","1243897415"
"Covarachía","2026","Contratación directa","69","1190204921.6"
"Soatá","2025","Contratación régimen especial (con ofertas)","5","2847257191.07"
"Berbeo","2021","Contratación régimen especial (con ofertas)","4","229868595"
"Villa De Leyva","2025","Selección Abreviada de Menor Cuantía","11","1831636817"
"Tutazá","2020","Contratación régimen especial (con ofertas)","7","562480327"
"Santa Sofía","2026","Contratación régimen especial (con ofertas)","3","1121022259"
"Chivatá","2026","Selección abreviada subasta inversa","4","785194004.88"
"Susacón","2024","Selección abreviada subasta inversa","1","90000000"
"San Pablo De Borbur","2024","Licitación pública","1","377634226.67"
"Maripí","2021","Contratación régimen especial (con ofertas)","4","655947522"
"Togüí","2018","Contratación régimen especial","3","539134629"
"Sogamoso","2022","Selección abreviada subasta inversa","36","8958380609.59"
"Pisba","2026","Contratación directa","103","2388334732.76"
"San Mateo","2022","Contratación régimen especial (con ofertas)","4","818746700.89"
"San Mateo","2024","Selección abreviada subasta inversa","2","131731341"
"Tinjacá","2026","Selección Abreviada de Menor Cuantía","4","342662967.67"
"Villa De Leyva","2023","Licitación pública Obra Publica","7","4830023909.53"
"Sotaquirá","2023","Mínima cuantía","13","143334552.73"
"Ráquira","2025","Contratación régimen especial (con ofertas)","10","2912879385.01"
"Coper","2023","Contratación directa","12","40918000"
"Labranzagrande","2023","Contratación régimen especial (con ofertas)","2","557216080"
"Güicán","2025","Contratación directa","1","6200000"
"Boavita","2025","Licitación pública Obra Publica","2","1015398878.23"
"Paya","2025","Enajenación de bienes con subasta","1","39100000"
"Puerto Boyacá","2022","Selección Abreviada de Menor Cuantía","29","4993356929"
"Briceño","2026","Mínima cuantía","36","1017114459.19"
"Cerinza","2026","Mínima cuantía","22","443996790.28"
"Sativanorte","2024","Contratación régimen especial","1","17000000"
"Campohermoso","2020","Contratación régimen especial (con ofertas)","6","514185369"
"Rondón","2020","Contratación régimen especial (con ofertas)","2","192953846"
"Sutamarchán","2025","Selección abreviada subasta inversa","5","931197138"
"Samacá","2025","Licitación pública Obra Publica","2","1406915460"
"Güicán","2025","Mínima cuantía","5","29809999"
"Betéitiva","2022","Contratación régimen especial","6","29750000"
"Caldas","2021","Contratación régimen especial (con ofertas)","5","556337485"
"Socha","2024","Contratación régimen especial (con ofertas)","11","4152189574.4"
"Gameza","2022","Contratación régimen especial (con ofertas)","5","509595245.26"
"Pesca","2024","Contratación régimen especial","80","1025694497"
"Tibasosa","2026","Licitación pública","2","1429057343"
"Chitaraque","2024","Contratación régimen especial (con ofertas)","4","1309835531.44"
"Boyacá","2024","Selección abreviada subasta inversa","4","721697948.62"
"Tasco","2024","Contratación Directa (con ofertas)","2","136434203.9"
"Belén","2024","Contratación directa","101","1615739910.97"
"No Definido","2026","Contratación directa","783","22215699602.71"
"El Cocuy","2026","Contratación directa","80","1665597449.5"
"Aquitania","2026","Mínima cuantía","31","1088531330.38"
"Chiquinquirá","2024","Concurso de méritos abierto","1","173920809.72"
"Paya","2019","Contratación Directa (con ofertas)","2","351983590"
"Chiquinquirá","2022","Mínima cuantía","88","1627692631.02"
"Corrales","2023","Selección Abreviada de Menor Cuantía","1","144212530"
"Aquitania","2022","Selección Abreviada de Menor Cuantía","1","31203495"
"Rondón","2024","Contratación régimen especial (con ofertas)","4","638490174.15"
"Sogamoso","2021","Contratación régimen especial","5","140038500"
"Cucaita","2021","Contratación régimen especial","1","189667150"
"Tunja","2024","Seleccion Abreviada Menor Cuantia Sin Manifestacion Interes","3","10364954908.3"
"Tunja","2018","Selección abreviada subasta inversa","8","2158680342.63"
"Nobsa","2024","Mínima cuantía","27","779285146.73"
"Chinavita","2025","Contratación régimen especial","3","249675714.29"
"Chitaraque","2026","Selección Abreviada de Menor Cuantía","3","932570897"
"Ramiriquí","2021","Contratación régimen especial (con ofertas)","5","1300189564"
"Chita","2024","Mínima cuantía","12","355288387.21"
"Boavita","2025","Selección Abreviada de Menor Cuantía","8","1403742987.73"
"Puerto Boyacá","2023","Licitación pública","3","5535264911.25"
"Chiquinquirá","2025","Selección abreviada subasta inversa","3","861027259"
"Tasco","2024","Selección Abreviada de Menor Cuantía","4","689814315"
"Tipacoque","2023","Contratación régimen especial","3","791024000"
"Soatá","2018","Contratación directa","17","336555800"
"Tunja","2019","Contratación régimen especial","19","4773438774"
"Cómbita","2024","Contratación directa","127","1925425333.69"
"Sogamoso","2019","Mínima cuantía","21","695625934.17"
"No Definido","2023","Selección Abreviada de Menor Cuantía","24","3435154699.50"
"Miraflores","2025","Licitación pública Obra Publica","5","3067256451.45"
"Quípama","2024","Contratación régimen especial (con ofertas)","6","1844257056.93"
"Maripí","2026","Selección abreviada subasta inversa","3","609900040"
"Samacá","2025","Contratación directa","380","10665928109.33"
"Puerto Boyacá","2022","Contratación régimen especial","70","9328452573"
"Panqueba","2023","Contratación régimen especial (con ofertas)","1","112000000"
"Covarachía","2024","Contratación régimen especial (con ofertas)","8","464178225.02"
"San Eduardo","2020","Mínima cuantía","5","78350295.11"
"Belén","2024","Contratación régimen especial","1","71000000"
"Chiquinquirá","2020","Mínima cuantía","1","2731500"
"Cubará","2026","Contratación directa","2","62293333"
"Tuta","2024","Contratación régimen especial","4","139466728.5"
"Sativanorte","2026","Selección Abreviada de Menor Cuantía","5","786022833.27"
"Tibasosa","2025","Mínima cuantía","59","1385723895.1"
"Firavitoba","2026","Mínima cuantía","30","736637774"
"San Pablo De Borbur","2026","Contratación Directa (con ofertas)","1","191102779"
"Guateque","2022","Contratación régimen especial","2","222100000"
"Sotaquirá","2022","Contratación régimen especial (con ofertas)","4","785815393.26"
"Tota","2025","Selección Abreviada de Menor Cuantía","4","1420340655.94"
"Chita","2023","Mínima cuantía","1","29060910"
"Tinjacá","2025","Contratación régimen especial","1","3256000.14"
"Villa De Leyva","2022","Contratación régimen especial (con ofertas)","11","5796212824.72"
"Covarachía","2021","Mínima cuantía","1","9805600"
"Soatá","2025","Contratación directa","141","2104327108.93"
"Moniquirá","2025","Licitación pública Obra Publica","2","3520194763.75"
"San Pablo De Borbur","2025","Mínima cuantía","71","1626335782.50"
"Tibasosa","2018","Contratación régimen especial (con ofertas)","1","467048400"
"Aquitania","2024","Contratación régimen especial (con ofertas)","8","4288285166.83"
"Puerto Boyacá","2024","Contratación Directa (con ofertas)","34","71585601816"
"Chitaraque","2024","Mínima cuantía","49","1015978234.33"
"Saboyá","2022","Selección Abreviada de Menor Cuantía","2","96050000"
"Pisba","2024","Licitación pública Obra Publica","2","2519432389.77"
"Chiquinquirá","2023","Selección Abreviada de Menor Cuantía","15","2528163106.51"
"Boyacá","2025","Selección abreviada subasta inversa","26","4754254886.63"
"Chinavita","2018","Contratación régimen especial (con ofertas)","1","106795898"
"San Eduardo","2024","Contratación directa","66","1090522899.76"
"Soatá","2023","Selección abreviada subasta inversa","1","51585000"
"Sativanorte","2025","Concurso de méritos abierto","1","111265000"
"No Definido","2026","Licitación pública","2","2034172144.76"
"Sáchica","2026","Contratación directa","97","2340293247.55"
"Rondón","2026","Contratación régimen especial (con ofertas)","2","422806348.98"
"Boyacá","2026","Selección Abreviada de Menor Cuantía","5","1373250592.19"
"Tutazá","2025","Contratación Directa (con ofertas)","2","123923000"
"Samacá","2023","Contratación régimen especial (con ofertas)","11","1780246916.92"
"Belén","2024","Contratación régimen especial (con ofertas)","9","3031814362.27"
"Chiscas","2026","Contratación régimen especial (con ofertas)","5","1238685634.96"
"Pisba","2026","Selección Abreviada de Menor Cuantía","2","491616309.33"
"Monguí","2022","Contratación régimen especial","1","41000000"
"Samacá","2026","Mínima cuantía","34","1008061256"
"Sora","2025","Selección abreviada subasta inversa","2","518657726"
"Tutazá","2025","Contratación directa","4","172560454"
"El Cocuy","2023","Contratación Directa (con ofertas)","3","29577365"
"Chiquinquirá","2022","Licitación pública Obra Publica","4","4918940805.71"
"El Cocuy","2026","Selección Abreviada de Menor Cuantía","4","999610850.33"
"Santana","2026","Selección Abreviada de Menor Cuantía","1","230000000"
"Pauna","2023","Contratación régimen especial (con ofertas)","5","1402390698.47"
"Cómbita","2023","Mínima cuantía","9","164639947"
"Tunja","2023","Licitación pública Obra Publica","20","98148677040.17"
"Quípama","2021","Contratación régimen especial (con ofertas)","2","421162855"
"Tasco","2026","Selección Abreviada de Menor Cuantía","2","289262994.17"
"Chiquinquirá","2023","Concurso de méritos abierto","2","287686063.56"
"Sutamarchán","2023","Mínima cuantía","5","139193713.53"
"Santa Rosa De Viterbo","2026","Mínima cuantía","6","188552000"
"Saboyá","2025","Contratación Directa (con ofertas)","1","6312000"
"Miraflores","2026","Contratación régimen especial (con ofertas)","8","3747122574.66"
"Sativasur","2023","Contratación directa","2","7500000"
"San Mateo","2021","Contratación régimen especial (con ofertas)","1","126677395"
"Moniquirá","2026","Contratación régimen especial","388","60637815756.72"
"Tasco","2026","Contratación Directa (con ofertas)","1","169542757.3"
"San Eduardo","2025","Mínima cuantía","48","806982853.82"
"San Mateo","2024","Contratación directa","46","985976232.20"
"Iza","2026","Selección Abreviada de Menor Cuantía","4","829854608.03"
"Campohermoso","2026","Contratación régimen especial (con ofertas)","8","2360633261.47"
"Villa De Leyva","2020","Contratación régimen especial","2","88100000"
"Caldas","2026","Selección abreviada subasta inversa","3","369923728"
"Tunja","2025","Enajenación de bienes con subasta","1","1686833.7"
"San Mateo","2026","Selección Abreviada de Menor Cuantía","3","327812153.97"
"Gachantivá","2025","Contratación régimen especial (con ofertas)","6","1037250273.85"
"San Pablo De Borbur","2024","Mínima cuantía","46","1130473255.35"
"Nuevo Colón","2023","Mínima cuantía","12","194580461.67"
"Tutazá","2024","Contratación directa","1","15000000"
"Campohermoso","2021","Contratación régimen especial (con ofertas)","2","260553480"
"Tutazá","2018","Contratación régimen especial (con ofertas)","1","110000000"
"Paipa","2026","Contratación directa","85","1053887050.52"
"Cómbita","2023","Contratación directa","17","185740000"
"Covarachía","2022","Contratación régimen especial (con ofertas)","2","6606410"
"Sogamoso","2022","Mínima cuantía","311","8167613664.18"
"Rondón","2025","Contratación régimen especial (con ofertas)","5","1151361247"
"Paya","2025","Mínima cuantía","36","1276700247.24"
"Nuevo Colón","2026","Licitación pública Obra Publica","1","502975614"
"Miraflores","2023","Contratación régimen especial (con ofertas)","16","2606389416.76"
"Villa De Leyva","2022","Contratación Directa (con ofertas)","6","522602436.45"
"Sotaquirá","2018","Contratación régimen especial (con ofertas)","3","694087876"
"Viracachá","2018","Contratación régimen especial (con ofertas)","2","77663780"
"Pesca","2018","Contratación régimen especial (con ofertas)","2","529889266"
"Pisba","2020","Contratación régimen especial","1","211060331"
"Santana","2026","Mínima cuantía","29","779254554.94"
"Tunja","2021","Seleccion Abreviada Menor Cuantia Sin Manifestacion Interes","1","1563099470"
"Oicatá","2024","Mínima cuantía","30","541670448.33"
"Guateque","2020","Mínima cuantía","37","113718291.25"
"Sogamoso","2023","Contratación directa","1818","48621397510.54"
"La Uvita","2021","Contratación régimen especial (con ofertas)","1","89000000"
"Moniquirá","2023","Licitación pública","1","414283555"
"Puerto Boyacá","2025","Contratación directa","561","8819741543.59"
"Sogamoso","2025","Licitación pública","7","31255139646.31"
"Paipa","2026","Contratación régimen especial","38","1682888136"
"Somondoco","2025","Enajenación de bienes con subasta","1","74868749"
"Macanal","2026","Mínima cuantía","41","1357258040.81"
"Miraflores","2023","Mínima cuantía","61","1109471085.96"
"Sogamoso","2020","Contratación Directa (con ofertas)","3","7438640"
"Floresta","2021","Contratación régimen especial (con ofertas)","3","659324000"
"Villa De Leyva","2023","Contratación directa","139","3163277353.96"
"Paya","2023","Mínima cuantía","8","201300342.32"
"Muzo","2026","Contratación régimen especial (con ofertas)","4","2532825732.8"
"Güicán","2024","Contratación directa","2","6600000"
"Sogamoso","2025","Mínima cuantía","240","9305696612.00"
"No Definido","2022","Licitación pública","4","3217618162.34"
"Pauna","2024","Concurso de méritos abierto","2","226040500"
"San Pablo De Borbur","2019","Contratación Directa (con ofertas)","1","561902360"
"Motavita","2026","Contratación directa","71","1552984487"
"Gachantivá","2026","Selección Abreviada de Menor Cuantía","5","1110029036.14"
"Puerto Boyacá","2021","Contratación directa","258","2009276740"
"Cómbita","2022","Contratación régimen especial","20","80970038"
"Tutazá","2024","Contratación régimen especial (con ofertas)","12","4161792431.98"
"Boavita","2022","Selección Abreviada de Menor Cuantía","1","71599992.31"
"Ramiriquí","2023","Contratación régimen especial (con ofertas)","6","2534942770.04"
"Caldas","2024","Contratación régimen especial (con ofertas)","5","802681658.51"
"Chiscas","2024","Contratación directa","2","205691641"
"Covarachía","2022","Contratación régimen especial","5","836048700"
"Somondoco","2026","Contratación régimen especial (con ofertas)","1","320360655"
"Sogamoso","2021","Selección abreviada subasta inversa","24","5411463314.06"
"Quípama","2022","Contratación régimen especial (con ofertas)","2","428440717.89"
"Socha","2022","Contratación régimen especial","16","297923496"
"Sogamoso","2025","Contratación régimen especial","7","108115342"
"Duitama","2026","Licitación pública","2","12729732888"
"Duitama","2025","Contratación Directa (con ofertas)","20","1796474831.8"
"Cuítiva","2023","Contratación régimen especial (con ofertas)","6","981697443.22"
"Somondoco","2026","Mínima cuantía","34","835465061.05"
"San Miguel De Sema","2025","Contratación régimen especial (con ofertas)","5","1253363908"
"Tunja","2024","Concurso de méritos abierto","12","3320234315.60"
"Tibasosa","2022","Contratación régimen especial","8","3036075389.89"
"Samacá","2025","Contratación régimen especial (con ofertas)","14","20179283452"
"Miraflores","2024","Contratación directa","181","2681377016.46"
"Paipa","2023","Selección abreviada subasta inversa","1","99999950"
"Sotaquirá","2026","Selección Abreviada de Menor Cuantía","6","1508021770.63"
"Pisba","2024","Mínima cuantía","53","1442252461.98"
"Somondoco","2025","Contratación directa","76","1216282147.32"
"Caldas","2022","Mínima cuantía","2","47874964"
"Zetaquira","2024","Contratación régimen especial","88","771651673.76"
"Santana","2024","Selección abreviada subasta inversa","4","388581081"
"San Mateo","2023","Contratación directa","1","1555000"
"San José De Pare","2022","Contratación Directa (con ofertas)","1","65958500"
"Nuevo Colón","2023","Contratación régimen especial","95","836661516"
"Cómbita","2023","Contratación régimen especial","1","5940000"
"No Definido","2026","Mínima cuantía","258","7870734263.57"
"Cucaita","2023","Contratación régimen especial (con ofertas)","14","1373587294.98"
"Coper","2024","Contratación directa","125","1483414988.28"
"Togüí","2021","Contratación régimen especial (con ofertas)","1","395715870"
"Saboyá","2025","Contratación régimen especial","1","116988740"
"Duitama","2022","Contratación régimen especial (con ofertas)","6","3829604772"
"Gachantivá","2025","Selección Abreviada de Menor Cuantía","7","1852553740.61"
"Soatá","2022","Contratación régimen especial","141","6484389307.61"
"Berbeo","2025","Concurso de méritos abierto","1","99985362.11"
"Chiquinquirá","2025","Licitación pública Obra Publica","1","2289322732.15"
"Boavita","2025","Contratación régimen especial (con ofertas)","2","845050841"
"Sogamoso","2024","Selección abreviada subasta inversa","39","5914595966.31"
"Tibasosa","2024","Mínima cuantía","64","1544538217.44"
"Paya","2019","Contratación régimen especial (con ofertas)","2","429273403"
"Betéitiva","2023","Mínima cuantía","4","81495658.56"
"Pauna","2024","Mínima cuantía","38","969336190.69"
"Viracachá","2022","Contratación régimen especial","6","42978000"
"Corrales","2026","Contratación directa","107","1526308364.81"
"Tuta","2024","Mínima cuantía","79","1841083566.95"
"Macanal","2019","Contratación régimen especial (con ofertas)","2","641219600"
"Santa Rosa De Viterbo","2020","Mínima cuantía","29","369419685"
"Tibasosa","2026","Contratación régimen especial","4","1105627146"
"Monguí","2025","Selección Abreviada de Menor Cuantía","2","276597036"
"Pisba","2024","Contratación régimen especial (con ofertas)","5","965387404.48"
"Caldas","2026","Contratación régimen especial","1","14904000"
"Cucaita","2020","Contratación régimen especial","1","166387726"
"Ramiriquí","2024","Contratación directa","118","2345711072"
"Boavita","2023","Contratación directa","11","71857050"
"Macanal","2023","Contratación directa","2","132551000"
"Pesca","2023","Contratación régimen especial (con ofertas)","3","859641015"
"Sativanorte","2022","Contratación régimen especial (con ofertas)","4","349329203.66"
"Sáchica","2025","Concurso de méritos abierto","1","84500000"
"Tunja","2022","Concurso de méritos abierto","33","25498546870.26"
"Oicatá","2026","Contratación directa","28","507396432"
"Macanal","2025","Selección Abreviada de Menor Cuantía","2","398250867.75"
"Siachoque","2018","Contratación régimen especial (con ofertas)","1","648107000"
"Susacón","2024","Contratación régimen especial (con ofertas)","5","520423434.01"
"No Definido","2024","Selección Abreviada de Menor Cuantía","39","7144792471.88"
"Monguí","2026","Mínima cuantía","24","551694351"
"Cómbita","2026","Licitación pública Obra Publica","1","4080866334"
"Sogamoso","2025","Concurso de méritos abierto","3","1264844185"
"Tibasosa","2026","Contratación directa","259","4813779443.78"
"Betéitiva","2025","Contratación régimen especial","2","159052857.14"
"Tuta","2024","Selección abreviada subasta inversa","6","726703733.69"
"Sogamoso","2026","Selección Abreviada de Menor Cuantía","20","5508994417.46"
"Guateque","2023","Mínima cuantía","20","293956731.62"
"Socotá","2025","Contratación régimen especial (con ofertas)","14","3158194209.80"
"Pauna","2026","Mínima cuantía","29","860974193.7"
"Santa María","2026","Contratación directa","70","2167516525.44"
"Chíquiza","2022","Contratación régimen especial (con ofertas)","3","493829614.06"
"Gameza","2025","Mínima cuantía","3","24360000"
"Samacá","2026","Contratación régimen especial","41","1015285534"
"Corrales","2025","Contratación directa","131","2267467458.29"
"Pauna","2023","Contratación directa","1","4200000"
"Almeida","2019","Contratación régimen especial (con ofertas)","1","62027313"
"Muzo","2021","Contratación régimen especial","2","28781022"
"Pesca","2023","Selección Abreviada de Menor Cuantía","1","196400000"
"Moniquirá","2024","Contratación régimen especial","5","601716266.14"
"Tópaga","2023","Contratación régimen especial (con ofertas)","4","5086356158.02"
"Gameza","2022","Contratación régimen especial","1","11500000"
"Tibasosa","2026","Contratación régimen especial (con ofertas)","12","3617312745.43"
"Betéitiva","2022","Contratación régimen especial (con ofertas)","6","612429903.66"
"Boavita","2024","Contratación régimen especial (con ofertas)","3","811973455.66"
"Sotaquirá","2021","Contratación directa","1","5000000"
"Tunja","2021","Licitación pública","16","47319842477.96"
"Tasco","2026","Concurso de méritos abierto","1","129795772.15"
"Duitama","2025","Licitación pública Obra Publica","1","802980474.05"
"Sáchica","2020","Mínima cuantía","15","237069071.5"
"Ciénega","2026","Contratación régimen especial (con ofertas)","2","995760171.4"
"Boyacá","2023","Contratación régimen especial","2","155267742"
"Caldas","2025","Concurso de méritos abierto","2","292121923.94"
"Sutamarchán","2026","Selección Abreviada de Menor Cuantía","2","646375874.49"
"Covarachía","2019","Contratación régimen especial (con ofertas)","1","134000000"
"Tota","2025","Contratación régimen especial (con ofertas)","9","2278237371"
"Viracachá","2018","Contratación régimen especial","1","73434000"
"Tibasosa","2024","Contratación directa","291","5096068061.9"
"Betéitiva","2024","Contratación directa","87","920027292"
"Tuta","2026","Selección abreviada subasta inversa","4","723664136"
"Moniquirá","2018","Contratación régimen especial (con ofertas)","4","1339833000"
"Socha","2020","Contratación régimen especial (con ofertas)","5","957209571"
"Tunja","2024","Licitación pública","26","84088314097.72"
"Sogamoso","2024","Licitación pública","10","19930333261"
"Somondoco","2026","Concurso de méritos abierto","1","159095354.43"
"Samacá","2023","Contratación régimen especial","77","753679152.87"
"Gachantivá","2023","Contratación régimen especial (con ofertas)","4","281564915"
"Sotaquirá","2025","Selección Abreviada de Menor Cuantía","9","1814622507.59"
"Gachantivá","2025","Mínima cuantía","42","959973684.16"
"Pauna","2026","Concurso de méritos abierto","1","134767500"
"Sutatenza","2025","Contratación régimen especial","4","180107220"
"Samacá","2026","Contratación régimen especial (con ofertas)","6","907924704"
"San Mateo","2025","Contratación régimen especial (con ofertas)","9","1721782925"
"Nobsa","2024","Contratación régimen especial","10","2068870500.3"
"San Mateo","2025","Concurso de méritos abierto","2","152713819.43"
"Sogamoso","2025","Contratación régimen especial (con ofertas)","29","34881989449.25"
"Chiquinquirá","2024","Mínima cuantía","68","1592059319.69"
"Duitama","2025","Contratación régimen especial","8","1927437095.99"
"Tunja","2025","Seleccion Abreviada Menor Cuantia Sin Manifestacion Interes","2","1431453174"
"Oicatá","2024","Contratación directa","45","900077671.8"
"Cerinza","2025","Mínima cuantía","22","358745041.88"
"Tuta","2026","Contratación directa","148","1918349011.33"
"Motavita","2026","Contratación régimen especial (con ofertas)","1","234080000"
"Iza","2024","Selección abreviada subasta inversa","1","90000000"
"Sogamoso","2022","Concurso de méritos abierto","1","4077751212.4"
"Tasco","2019","Contratación régimen especial (con ofertas)","2","651223573"
"Samacá","2024","Mínima cuantía","51","1277293370"
"Iza","2025","Selección Abreviada de Menor Cuantía","5","494511449.44"
"Coper","2024","Selección abreviada subasta inversa","2","242132917"
"Maripí","2025","Selección Abreviada de Menor Cuantía","19","3593215256.68"
"Chiquinquirá","2025","Contratación régimen especial (con ofertas)","10","13094540155"
"No Definido","2025","Concurso de méritos abierto","8","1734439721.2"
"Tota","2025","Selección abreviada subasta inversa","1","195626305"
"San Pablo De Borbur","2024","Contratación directa","91","1877617549.7"
"No Definido","2020","Contratación régimen especial (con ofertas)","29","4884685669"
"Chita","2025","Contratación directa","141","2631932228.24"
"Ramiriquí","2026","Mínima cuantía","48","1247146426.96"
"Miraflores","2024","Contratación régimen especial (con ofertas)","18","6498305446.22"
"Puerto Boyacá","2022","Licitación pública Obra Publica","5","13375543723"
"Soatá","2026","Selección Abreviada de Menor Cuantía","2","394149388"
"Duitama","2022","Selección Abreviada de Menor Cuantía","23","8745154623.87"
"Tuta","2025","Selección abreviada subasta inversa","5","514604888"
"Betéitiva","2026","Contratación régimen especial (con ofertas)","5","658743569.08"
"Puerto Boyacá","2023","Contratación Directa (con ofertas)","13","12991264078"
"Chiquinquirá","2026","Concurso de méritos abierto","1","2651610216"
"Santana","2024","Contratación régimen especial (con ofertas)","6","1822691251.59"
"Boyacá","2024","Contratación régimen especial","2","61201243.85"
"Duitama","2023","Concurso de méritos abierto","4","846055008.6"
"Nuevo Colón","2024","Mínima cuantía","22","576865603.96"
"Moniquirá","2024","Selección Abreviada de Menor Cuantía","9","2028554526.34"
"Sogamoso","2026","Contratación régimen especial (con ofertas)","11","6119741817.23"
"Floresta","2026","Selección Abreviada de Menor Cuantía","2","667509426.16"
"Santa María","2024","Concurso de méritos abierto","1","70000000"
"San Eduardo","2023","Mínima cuantía","18","245385112.45"
"Sora","2026","Contratación directa","69","1341103235.0"
"Tunja","2025","Selección abreviada subasta inversa","92","2440979926393.29"
"Cucaita","2025","Contratación régimen especial (con ofertas)","6","1265475693"
"Samacá","2026","Selección Abreviada de Menor Cuantía","4","1165800684"
"No Definido","2021","Contratación régimen especial (con ofertas)","20","6537571887"
"Ráquira","2026","Selección Abreviada de Menor Cuantía","6","1597664711.94"
"Sogamoso","2022","Licitación pública Obra Publica","1","58251789794"
"Tinjacá","2026","Contratación Directa (con ofertas)","3","30973143.51"
"Soatá","2026","Enajenación de bienes con subasta","1","530000"
"Garagoa","2024","Mínima cuantía","60","1421892063.37"
"El Cocuy","2022","Contratación régimen especial (con ofertas)","5","1149606553.26"
"La Uvita","2022","Contratación régimen especial (con ofertas)","7","646530696.26"
"Samacá","2025","Concurso de méritos abierto","4","924578511"
"Sáchica","2021","Mínima cuantía","3","8483000"
"No Definido","2023","Contratación régimen especial (con ofertas)","52","26867932472.47"
"Samacá","2025","Licitación pública","1","1292800625"
"Motavita","2025","Selección abreviada subasta inversa","3","1062582518"
"Paz De Río","2026","Contratación directa","104","1890978915.9"
"Sogamoso","2024","Contratación Directa (con ofertas)","3","495140854.02"
"Firavitoba","2022","Contratación régimen especial (con ofertas)","3","622762066.53"
"Sora","2024","Mínima cuantía","49","1149577001.82"
"Duitama","2020","Mínima cuantía","42","884755615.96"
"Ramiriquí","2024","Selección abreviada subasta inversa","2","794682820.8"
"Chíquiza","2025","Contratación régimen especial (con ofertas)","1","46494000"
"Tota","2025","Contratación directa","117","2205159071.49"
"Guateque","2024","Contratación directa","179","2301488687.68"
"La Uvita","2025","Selección abreviada subasta inversa","1","247630670"
"Moniquirá","2024","Contratación directa","273","6092449081.60"
"Nobsa","2023","Contratación régimen especial","1","49000000"
"Pauna","2025","Contratación directa","142","3341651559.37"
"Pauna","2020","Contratación régimen especial (con ofertas)","1","312110500"
"Cerinza","2023","Contratación régimen especial (con ofertas)","5","971240030.74"
"Tinjacá","2025","Mínima cuantía","37","765204472.80"
"No Definido","2025","Contratación directa","1138","30336835676.18"
"Duitama","2024","Contratación directa","887","39525827436.23"
"Campohermoso","2022","Contratación régimen especial (con ofertas)","1","124349089.3"
"Caldas","2026","Mínima cuantía","31","718259503.27"
"Sutatenza","2026","Contratación régimen especial (con ofertas)","3","146092997"
"Umbita","2024","Contratación régimen especial (con ofertas)","3","267465359"
"Duitama","2024","Selección Abreviada de Menor Cuantía","13","3422248071.17"
"Duitama","2025","Contratación régimen especial (con ofertas)","5","4050857444"
"No Definido","2018","Contratación régimen especial","6","2394296760"
"Soatá","2026","Selección abreviada subasta inversa","1","191620000"
"Muzo","2024","Contratación régimen especial","1","7000000"
"Moniquirá","2024","Selección abreviada subasta inversa","6","3126771868.76"
"Belén","2025","Licitación pública Obra Publica","2","2649936257.46"
"Boyacá","2026","Seleccion Abreviada Menor Cuantia Sin Manifestacion Interes","1","1305790296"
"Santana","2023","Mínima cuantía","3","81640131"
"Corrales","2019","Contratación régimen especial (con ofertas)","1","186408570"
"Santa María","2023","Contratación régimen especial (con ofertas)","3","339616348.98"
"Socotá","2025","Selección abreviada subasta inversa","6","1478313705"
"Nuevo Colón","2023","Contratación régimen especial (con ofertas)","6","1155087792.24"
"Caldas","2024","Contratación directa","60","884743744"
"Socotá","2018","Contratación régimen especial (con ofertas)","7","1063740906.4"
"El Cocuy","2023","Contratación directa","1","7000000"
"Caldas","2025","Mínima cuantía","37","740991942.16"
"Sogamoso","2025","Licitación pública Obra Publica","4","40322197536.28"
"Sutatenza","2021","Contratación régimen especial","1","115504000"
"El Cocuy","2025","Selección Abreviada de Menor Cuantía","8","2050425463.71"
"Tuta","2026","Mínima cuantía","45","1417535083.38"
"Santana","2026","Contratación régimen especial (con ofertas)","4","1293113041.34"
"Chiquinquirá","2024","Contratación Directa (con ofertas)","21","1181540000"
"Chitaraque","2025","Contratación régimen especial (con ofertas)","7","1933095412.26"
"No Definido","2023","Concurso de méritos abierto","10","1398294985.74"
"Puerto Boyacá","2022","Licitación pública","11","23448889450"
"Berbeo","2018","Contratación régimen especial (con ofertas)","1","127167608.08"
"Pisba","2026","Selección abreviada subasta inversa","2","732342000"
"Covarachía","2023","Contratación directa","1","35000000"
"Aquitania","2023","Contratación directa","135","303787147028.91"
"La Uvita","2025","Mínima cuantía","44","1155532636.48"
"Santana","2018","Contratación régimen especial","1","342343800"
"Briceño","2019","Contratación régimen especial (con ofertas)","1","112576071"
"Tibasosa","2026","Selección Abreviada de Menor Cuantía","6","1560122982"
"Chita","2025","Selección Abreviada de Menor Cuantía","16","5399444189.38"
"Gameza","2026","Mínima cuantía","3","25712414.42"
"Puerto Boyacá","2025","Contratación Directa (con ofertas)","33","90367299216"
"Garagoa","2025","Contratación régimen especial","1","284253702.84"
"Santa Rosa De Viterbo","2021","Mínima cuantía","16","172809616"
"Pauna","2025","Selección abreviada subasta inversa","4","1571703840.01"
"Cómbita","2025","Contratación directa","130","3672022035.65"
"El Cocuy","2026","Seleccion Abreviada Menor Cuantia Sin Manifestacion Interes","1","381588949"
"Chivor","2018","Contratación régimen especial","1","175055900.52"
"San Eduardo","2023","Contratación régimen especial (con ofertas)","8","671919844.63"
"Paya","2020","Contratación régimen especial (con ofertas)","6","512259233"
"El Cocuy","2024","Mínima cuantía","52","1142985817.43"
"Paz De Río","2024","Contratación régimen especial (con ofertas)","4","599673366.77"
"Sáchica","2022","Contratación directa","1","18942000"
"Moniquirá","2026","Mínima cuantía","39","1033186093.30"
"Motavita","2018","Contratación régimen especial","1","221352600"
"Caldas","2021","Contratación régimen especial","2","26142160"
"Oicatá","2024","Contratación régimen especial (con ofertas)","8","565274322.28"
"Cómbita","2026","Contratación directa","101","2119285368.43"
"San José De Pare","2019","Contratación régimen especial (con ofertas)","1","313005700"
"San José De Pare","2023","Contratación Directa (con ofertas)","1","317195997.96"
"Maripí","2026","Contratación directa","89","2229686214.01"
"Samacá","2022","Contratación régimen especial","2","1190000"
"Macanal","2025","Mínima cuantía","54","1326252198"
"Somondoco","2023","Mínima cuantía","6","103933327"
"Oicatá","2026","Contratación Directa (con ofertas)","2","201928366.36"
"Moniquirá","2025","Concurso de méritos abierto","3","311290522.07"
"Sativasur","2024","Licitación pública Obra Publica","1","939061968"
"Chiquinquirá","2020","Contratación régimen especial (con ofertas)","5","5025030503"
"La Uvita","2024","Selección Abreviada de Menor Cuantía","3","699788060.53"
"Caldas","2024","Contratación Directa (con ofertas)","1","120382294"
"No Definido","2022","Contratación régimen especial (con ofertas)","43","11649287117.84"
"Cerinza","2024","Contratación directa","75","1090340947.6"
"Tibasosa","2023","Selección Abreviada de Menor Cuantía","28","4805804443.66"
"Sativanorte","2026","Mínima cuantía","21","614398393.94"
"Garagoa","2024","Concurso de méritos abierto","2","183750000"
"Belén","2026","Mínima cuantía","27","585558343.59"
"Sutamarchán","2022","Contratación régimen especial (con ofertas)","2","521621066.26"
"Monguí","2025","Contratación régimen especial (con ofertas)","7","14049084563.61"
"Pisba","2026","Contratación régimen especial","85","1338320994.15"
"Paya","2024","Contratación directa","143","2796149342.03"
"Muzo","2023","Contratación régimen especial (con ofertas)","3","1066957714.53"
"Boyacá","2024","Contratación directa","173","2977928074.03"
"Chitaraque","2026","Contratación directa","69","1897640442.6"
"Almeida","2023","Contratación régimen especial (con ofertas)","4","564366065"
"Nuevo Colón","2021","Contratación régimen especial (con ofertas)","4","626039816.1"
"Tibasosa","2024","Licitación pública","2","1194830000"
"Corrales","2026","Contratación régimen especial (con ofertas)","5","702823718.98"
"Somondoco","2025","Selección abreviada subasta inversa","2","789339291"
"El Cocuy","2025","Contratación directa","91","2630380219.72"
"Garagoa","2025","Contratación Directa (con ofertas)","2","160765123.16"
"Miraflores","2025","Contratación régimen especial","28","581041087"
"Santana","2026","Contratación directa","98","1747280447"
"Socotá","2025","Selección Abreviada de Menor Cuantía","20","4223334962.14"
"Socotá","2021","Contratación régimen especial (con ofertas)","8","1493696000.10"
"Cubará","2025","Contratación Directa (con ofertas)","2","15920438"
"Villa De Leyva","2023","Contratación Directa (con ofertas)","11","2829145689.03"
"Gameza","2024","Contratación directa","3","24000000"
"Soatá","2025","Selección Abreviada de Menor Cuantía","3","585998765"
"Nobsa","2021","Contratación régimen especial (con ofertas)","2","738944643"
"Paipa","2022","Contratación régimen especial","1","2015100"
"Firavitoba","2026","Contratación directa","73","1334282955"
"Ramiriquí","2022","Mínima cuantía","14","265235326.93"
"Moniquirá","2022","Contratación régimen especial","110","6179537185.3"
"Miraflores","2022","Mínima cuantía","14","272612076"
"Sotaquirá","2024","Concurso de méritos abierto","1","67170166"
"Villa De Leyva","2023","Mínima cuantía","64","1613535722.12"
"Boavita","2026","Concurso de méritos abierto","1","114997800"
"Duitama","2025","Mínima cuantía","158","6067401964.73"
"Nobsa","2026","Contratación directa","184","5502527775.98"
"Socotá","2024","Contratación régimen especial (con ofertas)","6","2093481325.89"
"Chitaraque","2024","Selección abreviada subasta inversa","1","150000000"
"Maripí","2026","Selección Abreviada de Menor Cuantía","6","1490092090"
"No Definido","2019","Mínima cuantía","190","5657458050.61"
"Nuevo Colón","2025","Selección abreviada subasta inversa","2","909251586"
"Pachavita","2024","Contratación directa","11","155198000"
"No Definido","2022","Selección Abreviada de Menor Cuantía","12","1947474151.07"
"Samacá","2025","Selección Abreviada de Menor Cuantía","11","3215610178"
"Duitama","2025","Licitación pública","7","17364144645"
"Tasco","2026","Selección abreviada subasta inversa","3","788637300"
"Puerto Boyacá","2026","Concurso de méritos abierto","2","503683188"
"Tuta","2023","Contratación directa","19","111431528"
"Betéitiva","2025","Contratación régimen especial (con ofertas)","6","872426992.93"
"No Definido","2024","Mínima cuantía","416","16135173431.15"
"Chita","2024","Selección Abreviada de Menor Cuantía","3","520478998"
"Covarachía","2023","Mínima cuantía","5","120246170.06"
"Briceño","2026","Selección Abreviada de Menor Cuantía","7","1707909735.75"
"Soatá","2023","Contratación directa","2","115015000"
"Floresta","2026","Licitación pública Obra Publica","2","2982637657.98"
"Tópaga","2023","Concurso de méritos abierto","1","234207333.21"
"Tasco","2024","Contratación directa","107","1464322261.1"
"Belén","2025","Contratación directa","96","1836350834.26"
"Sativasur","2024","Selección abreviada subasta inversa","2","196253520"
"Betéitiva","2026","Concurso de méritos abierto","1","62779000"
"Sáchica","2020","Contratación régimen especial (con ofertas)","4","638638475.76"
"Duitama","2023","Selección Abreviada de Menor Cuantía","16","6085083597.03"
"Siachoque","2020","Contratación régimen especial (con ofertas)","2","814168071"
"Duitama","2024","Concurso de méritos abierto","2","1115613297.51"
"Sutamarchán","2024","Contratación régimen especial","1","19464000"
"Gachantivá","2024","Selección Abreviada de Menor Cuantía","7","1384084372.01"
"Tunja","2022","Contratación régimen especial","287","136172134081.7"
"Boyacá","2018","Contratación régimen especial","1","119750791"
"Briceño","2026","Contratación directa","71","1192024107.55"
"Macanal","2022","Contratación régimen especial (con ofertas)","5","1188541929.53"
"Santa Sofía","2025","Contratación régimen especial (con ofertas)","9","1795142830"
"Sativanorte","2026","Contratación directa","75","1386517314.28"
"Paya","2026","Concurso de méritos abierto","1","99687000"
"Moniquirá","2025","Selección Abreviada de Menor Cuantía","11","3018060733.94"
"Firavitoba","2023","Mínima cuantía","12","305052368.65"
"Susacón","2025","Selección Abreviada de Menor Cuantía","6","1098740976.7"
"Tibasosa","2025","Contratación directa","260","8368591380.26"
"Tunja","2023","Mínima cuantía","439","17950911991.64"
"Tópaga","2024","Mínima cuantía","1","37300250"
"Muzo","2019","Contratación régimen especial","1","162018500"
"Villa De Leyva","2021","Mínima cuantía","20","287816498.15"
"Aquitania","2025","Selección abreviada subasta inversa","4","1408133350"
"La Uvita","2019","Contratación régimen especial (con ofertas)","4","440371952"
"Socha","2021","Contratación régimen especial","3","83015625"
"Soatá","2018","Contratación régimen especial","2","472720332"
"Oicatá","2025","Mínima cuantía","47","812809213.71"
"San Pablo De Borbur","2026","Selección abreviada subasta inversa","3","872374161"
"Cucaita","2026","Contratación directa","45","787725250"
"Puerto Boyacá","2022","Contratación directa","530","9048810668"
"Tuta","2023","Contratación régimen especial (con ofertas)","2","1376467498.02"
"Tunja","2018","Contratación directa","160","2261253806.03"
"Cuítiva","2025","Contratación régimen especial (con ofertas)","5","708161105"
"Tasco","2026","Mínima cuantía","28","1004814986.75"
"Moniquirá","2021","Mínima cuantía","9","81092270"
"Chivatá","2025","Contratación Directa (con ofertas)","1","2348500"
"Sativasur","2024","Mínima cuantía","19","376215788.29"
"Socotá","2026","Selección Abreviada de Menor Cuantía","3","651005265.15"
"Puerto Boyacá","2021","Licitación pública","4","8124110570"
"Maripí","2025","Licitación pública Obra Publica","1","2663033561"
"Monguí","2026","Selección Abreviada de Menor Cuantía","2","421471579.58"
"Miraflores","2024","Selección Abreviada de Menor Cuantía","16","2787560217.50"
"Cucaita","2025","Selección Abreviada de Menor Cuantía","10","1732728063.94"
"No Definido","2024","Contratación régimen especial","115","3146475606.36"
"Somondoco","2025","Selección Abreviada de Menor Cuantía","6","963214175.06"
"Covarachía","2026","Concurso de méritos abierto","2","367585556.41"
"Pisba","2022","Contratación régimen especial (con ofertas)","4","616150139.63"
"Boyacá","2025","Contratación régimen especial","4","74750000"
"Caldas","2023","Concurso de méritos abierto","1","60000000"
"Páez","2024","Contratación régimen especial","35","319140695"
"Moniquirá","2023","Licitación pública Obra Publica","6","27401228961.00"
"Tunja","2020","Selección abreviada subasta inversa","30","16004644761.61"
"Tunja","2019","Contratación régimen especial (con ofertas)","6","6514482395"
"Toca","2024","Contratación régimen especial (con ofertas)","1","232369970.35"
"Sutamarchán","2023","Contratación directa","2","349000000"
"Sutamarchán","2026","Contratación directa","56","1242099525"
"Nobsa","2024","Selección abreviada subasta inversa","5","1451303215.02"
"Soatá","2024","Mínima cuantía","42","835755756.75"
"Sogamoso","2025","Enajenación de bienes con sobre cerrado","1","49638246"
"No Definido","2022","Mínima cuantía","154","4476323922.68"
"Páez","2025","Contratación régimen especial","19","209212448"
"Sutamarchán","2025","Mínima cuantía","39","885290627.68"
"No Definido","2026","Selección Abreviada de Menor Cuantía","36","8132246543.29"
"Siachoque","2025","Contratación régimen especial (con ofertas)","9","3446581778"
"Cuítiva","2022","Contratación régimen especial (con ofertas)","6","562399530.63"
"Togüí","2022","Contratación régimen especial","6","7953496.1"
"Floresta","2023","Contratación régimen especial (con ofertas)","2","315370000"
"Aquitania","2024","Selección abreviada subasta inversa","3","517626335"
"Sogamoso","2026","Concurso de méritos abierto","6","4537423644.26"
"Muzo","2019","Contratación régimen especial (con ofertas)","1","167488000"
"Moniquirá","2022","Contratación régimen especial (con ofertas)","2","568221000"
"Santa María","2024","Mínima cuantía","37","985865086.23"
"No Definido","2023","Licitación pública Obra Publica","4","8789076686.84"
"Guateque","2021","Mínima cuantía","21","83459013"
"Aquitania","2026","Selección abreviada subasta inversa","4","790584057"
"Puerto Boyacá","2025","Licitación pública","5","17642927672.3"
"Tutazá","2026","Contratación régimen especial (con ofertas)","6","1003703610.47"
"Pesca","2024","Mínima cuantía","19","543521589.63"
"Gachantivá","2026","Contratación régimen especial (con ofertas)","3","334301697"
"Garagoa","2025","Selección abreviada subasta inversa","2","2771398332.84"
"Boavita","2023","Contratación régimen especial (con ofertas)","2","436805412"
"Tunja","2025","Contratación Directa (con ofertas)","967","598177786219.47"
"Duitama","2024","Contratación Directa (con ofertas)","29","3990317294"
"Motavita","2024","Selección abreviada subasta inversa","3","572091774.48"
"Santa Rosa De Viterbo","2022","Contratación régimen especial (con ofertas)","6","1662945007.89"
"Tunja","2023","Seleccion Abreviada Menor Cuantia Sin Manifestacion Interes","7","8339143068.99"
"Motavita","2022","Contratación régimen especial (con ofertas)","6","989107306.26"
"Ramiriquí","2026","Contratación régimen especial (con ofertas)","4","2733338312"
"Santa María","2022","Contratación régimen especial","1","12700000"
"Coper","2025","Contratación régimen especial (con ofertas)","7","900097278"
"Macanal","2024","Selección abreviada subasta inversa","5","2115647513"
"Caldas","2025","Contratación régimen especial (con ofertas)","4","846582798"
"Tinjacá","2018","Contratación régimen especial (con ofertas)","5","417934963"
"Moniquirá","2023","Contratación régimen especial","280","24951746444.38"
"San Mateo","2026","Licitación pública Obra Publica","1","531912152"
"No Definido","2025","Contratación régimen especial (con ofertas)","80","23571728261.36"
"Chita","2025","Concurso de méritos abierto","1","150000000"
"Ráquira","2025","Selección Abreviada de Menor Cuantía","2","348760413"
"Viracachá","2019","Contratación régimen especial (con ofertas)","4","362736745"
"Moniquirá","2023","Contratación directa","257","11452237704.99"
"Tunja","2023","Selección abreviada subasta inversa","63","26822670101.17"
"Almeida","2024","Contratación régimen especial (con ofertas)","4","332921246.82"
"Moniquirá","2025","Mínima cuantía","60","1585228750.94"
"Sogamoso","2025","Contratación Directa (con ofertas)","3","53393150"
"Tuta","2025","Concurso de méritos abierto","4","403605181"
"Guateque","2026","Contratación directa","107","2164155829"
"Motavita","2024","Licitación pública","1","623000000"
"Puerto Boyacá","2025","Mínima cuantía","103","2219344326"
"Miraflores","2020","Contratación régimen especial","2","391011744.37"
"Tipacoque","2023","Contratación régimen especial (con ofertas)","7","1019783289.53"
"Motavita","2023","Contratación directa","20","77143336"
"Corrales","2025","Mínima cuantía","59","1370334711.46"
"Santa Rosa De Viterbo","2018","Contratación régimen especial","1","545566000"
"Tuta","2019","Contratación régimen especial (con ofertas)","2","1234310690"
"Briceño","2023","Mínima cuantía","3","58636964"
"Covarachía","2026","Mínima cuantía","28","702718067.03"
"Macanal","2024","Contratación régimen especial (con ofertas)","9","2601997109.24"
"Cómbita","2023","Contratación régimen especial (con ofertas)","5","1453474996.47"
"Pisba","2025","Contratación régimen especial","53","510214936"
"Nuevo Colón","2025","Licitación pública Obra Publica","1","464116329.33"
"Umbita","2018","Contratación régimen especial","1","329456400"
"Tunja","2019","Selección Abreviada de Menor Cuantía","33","12353540629.75"
"Chitaraque","2025","Contratación directa","136","5017387101.40"
"Belén","2024","Selección abreviada subasta inversa","3","359614822.68"
"Chiquinquirá","2021","Licitación pública","2","1591349205"
"Chitaraque","2023","Mínima cuantía","3","50033801"
"Samacá","2025","Mínima cuantía","50","1221883636.23"
"Tota","2022","Contratación régimen especial","3","70000000"
"Sativanorte","2025","Selección Abreviada de Menor Cuantía","13","3011352650.86"
"No Definido","2026","Contratación régimen especial","57","2298095972.33"
"Sogamoso","2021","Selección Abreviada de Menor Cuantía","15","4540124632.55"
"Chitaraque","2023","Contratación régimen especial (con ofertas)","7","2463803979.29"
"Pisba","2025","Contratación directa","144","3827919916.28"
"Boavita","2026","Contratación directa","97","1949064268.4"
"Cómbita","2018","Contratación régimen especial","4","1193360224"
"Sogamoso","2022","Contratación Directa (con ofertas)","4","49909566"
"Belén","2024","Mínima cuantía","28","515813807.91"
"San Mateo","2025","Selección Abreviada de Menor Cuantía","7","958052996.72"
"Maripí","2024","Contratación directa","86","1574649689.2"
"Berbeo","2023","Mínima cuantía","4","61371440"
"Tota","2023","Contratación régimen especial","2","39000000"
"San Pablo De Borbur","2023","Contratación régimen especial (con ofertas)","10","1305955384.96"
"No Definido","2017","Contratación régimen especial","1","127500000"
"Chiquinquirá","2025","Contratación directa","478","24611818845.74"
"Tota","2023","Selección Abreviada de Menor Cuantía","1","257933240.83"
"Pesca","2025","Contratación régimen especial","73","1090005503"
"Gameza","2024","Mínima cuantía","3","21841299.92"
"Duitama","2021","Contratación directa","433","9948485059.90"
"Ráquira","2026","Selección abreviada subasta inversa","2","466600000"
"Nobsa","2023","Mínima cuantía","11","267752763.23"
"Floresta","2025","Contratación directa","15","3543925450.85"
"El Cocuy","2024","Contratación directa","82","1868119339.68"
"Cucaita","2025","Contratación Directa (con ofertas)","14","617376656.88"
"Tota","2026","Selección Abreviada de Menor Cuantía","2","403706971"
"Boavita","2025","Contratación directa","117","2193874965.60"
"Tuta","2025","Mínima cuantía","85","2013970419.66"
"Campohermoso","2024","Contratación régimen especial (con ofertas)","5","1297782920.61"
"Chiscas","2026","Contratación régimen especial","3","766475586.85"
"Somondoco","2026","Licitación pública Obra Publica","2","2844777020.25"
"Tasco","2025","Selección Abreviada de Menor Cuantía","5","639631601.97"
"Sutatenza","2023","Contratación régimen especial (con ofertas)","1","204139583"
"Tunja","2017","Contratación Directa (con ofertas)","3","813828368.5"
"Moniquirá","2026","Licitación pública Obra Publica","1","1890710895"
"Covarachía","2024","Contratación directa","73","1116535000"
"Villa De Leyva","2024","Licitación pública","2","1277614141"
"Sotaquirá","2022","Mínima cuantía","2","1039850"
"Berbeo","2023","Contratación directa","17","70684500"
"Santa Sofía","2025","Contratación directa","1","0"
"Corrales","2025","Licitación pública Obra Publica","1","602100356.4"
"Sotaquirá","2024","Selección abreviada subasta inversa","2","442163150"
"Ramiriquí","2023","Contratación directa","80","9815924583.51"
"Oicatá","2025","Contratación Directa (con ofertas)","2","54195988"
"Miraflores","2019","Contratación régimen especial (con ofertas)","4","642361100"
"Puerto Boyacá","2021","Mínima cuantía","119","2008633697"
"Sáchica","2018","Contratación régimen especial","1","167932800"
"Briceño","2021","Contratación régimen especial (con ofertas)","2","202903702.74"
"Tinjacá","2026","Mínima cuantía","22","551688962.62"
"Santana","2024","Selección Abreviada de Menor Cuantía","5","842952192"
"Garagoa","2025","Mínima cuantía","79","1973336172.03"
"Chiscas","2024","Contratación régimen especial","6","545874241.84"
"Sotaquirá","2025","Mínima cuantía","45","1367917578"
"Somondoco","2026","Selección abreviada subasta inversa","3","728627988.54"
"Betéitiva","2023","Selección Abreviada de Menor Cuantía","1","162374310"
"Paz De Río","2024","Mínima cuantía","27","638880454"
"Cómbita","2021","Contratación régimen especial (con ofertas)","4","1062954740"
"San Mateo","2026","Contratación régimen especial (con ofertas)","4","1103653656.67"
"Chivor","2018","Contratación régimen especial (con ofertas)","1","133368256"
"Nuevo Colón","2020","Contratación régimen especial (con ofertas)","6","609141652"
"Tota","2024","Contratación directa","140","1796250689"
"San José De Pare","2026","Contratación régimen especial (con ofertas)","4","1112685846.97"
"Chitaraque","2025","Selección abreviada subasta inversa","1","104000000"
"Santa María","2018","Contratación régimen especial (con ofertas)","5","590503530"
"Moniquirá","2023","Concurso de méritos abierto","8","2831100905.34"
"Sora","2026","Selección Abreviada de Menor Cuantía","5","1065669143.53"
"Macanal","2025","Enajenación de bienes con subasta","1","4000000"
"Nobsa","2023","Contratación Directa (con ofertas)","2","1007889400"
"Nuevo Colón","2026","Selección abreviada subasta inversa","3","985575651"
"Chita","2023","Contratación régimen especial (con ofertas)","1","683562500"
"Nobsa","2024","Contratación régimen especial (con ofertas)","13","6906547097.97"
"Sativanorte","2019","Contratación régimen especial","1","34485000"
"Firavitoba","2021","Contratación régimen especial (con ofertas)","1","83410000"
"Sogamoso","2025","Contratación directa","1813","245150959645.65"
"Pesca","2021","Contratación régimen especial (con ofertas)","2","173000000"
"Caldas","2024","Selección abreviada subasta inversa","2","302369700"
"Pisba","2025","Selección abreviada subasta inversa","4","858205681"
"Chitaraque","2026","Mínima cuantía","28","890415875.17"
"Maripí","2025","Contratación régimen especial (con ofertas)","15","3729803183"
"Duitama","2023","Contratación directa","912","31905089567.09"
"Samacá","2025","Contratación régimen especial","71","1073916631.22"
"Chiquinquirá","2024","Licitación pública","2","1768858893"
"Gameza","2023","Mínima cuantía","1","10399993.1"
"El Cocuy","2025","Selección abreviada subasta inversa","9","1130427878.98"
"Coper","2026","Contratación régimen especial (con ofertas)","5","935597593.30"
"Pesca","2025","Contratación régimen especial (con ofertas)","12","2467538528"
"Pesca","2023","Licitación pública","1","370830566"
"Ramiriquí","2025","Concurso de méritos abierto","2","994154290"
"Briceño","2024","Mínima cuantía","41","922568197.88"
"Firavitoba","2024","Mínima cuantía","37","961605375.49"
"El Cocuy","2026","Licitación pública","1","820522438.08"
"Guateque","2025","Contratación directa","181","3517653094.81"
"Cubará","2024","Contratación directa","1","22315000"
"Sutatenza","2024","Contratación régimen especial","1","34300000"
"Tota","2023","Contratación régimen especial (con ofertas)","3","599630764.12"
"Covarachía","2021","Contratación régimen especial (con ofertas)","4","383707017"
"Moniquirá","2019","Contratación régimen especial (con ofertas)","1","45966250"
"San Pablo De Borbur","2020","Contratación régimen especial (con ofertas)","1","299145910"
"Chiquinquirá","2025","Contratación Directa (con ofertas)","1","100339828"
"Togüí","2019","Contratación régimen especial","1","126317543.75"
"Chiquinquirá","2024","Selección Abreviada de Menor Cuantía","5","940454667"
"Nobsa","2023","Contratación régimen especial (con ofertas)","9","5300164944"
"Santa María","2026","Selección Abreviada de Menor Cuantía","3","815625146.24"
"Moniquirá","2022","Contratación directa","11","567015000"
"Tunja","2018","Selección Abreviada de Menor Cuantía","23","6236395264.34"
"Tibasosa","2019","Contratación régimen especial (con ofertas)","1","842506139.98"
"Santa Rosa De Viterbo","2023","Contratación régimen especial (con ofertas)","3","1862317650.47"
"Sora","2026","Selección abreviada subasta inversa","1","430622660.59"
"Coper","2024","Contratación régimen especial (con ofertas)","6","751172141.54"
"Sogamoso","2022","Contratación régimen especial (con ofertas)","3","487562526"
"Socha","2023","Contratación régimen especial (con ofertas)","18","4912295538.57"
"Corrales","2021","Contratación régimen especial (con ofertas)","1","218271638"
"Firavitoba","2025","Mínima cuantía","47","1201397976.42"
"Chita","2025","Mínima cuantía","57","1949864145.93"
"Togüí","2025","Contratación régimen especial (con ofertas)","8","2413250493"
"Sogamoso","2020","Mínima cuantía","84","2480653579.07"
"Cubará","2026","Contratación Directa (con ofertas)","1","17000000"
"Belén","2026","Selección Abreviada de Menor Cuantía","2","284402989"
"Chita","2025","Contratación régimen especial (con ofertas)","15","3700573393"
"Paz De Río","2023","Contratación régimen especial (con ofertas)","1","380000000"
"Nobsa","2023","Contratación directa","17","70003239"
"Caldas","2020","Contratación régimen especial","2","149011021"
"Moniquirá","2020","Contratación régimen especial (con ofertas)","4","2035676940"
"Ramiriquí","2025","Mínima cuantía","87","1863463048.69"
"Zetaquira","2023","Contratación régimen especial","63","483922676"
"Cucaita","2022","Contratación régimen especial (con ofertas)","4","756826056.90"
"Boyacá","2022","Contratación régimen especial (con ofertas)","9","1102806195.90"
"Socha","2025","Contratación régimen especial","116","5798838632.52"
"Cubará","2022","Contratación régimen especial","7","49705304"
"Briceño","2023","Contratación régimen especial (con ofertas)","6","575271144.49"
"Somondoco","2025","Licitación pública Obra Publica","2","2983370461.23"
"Sáchica","2022","Mínima cuantía","28","349900596.48"
"Nobsa","2024","Concurso de méritos abierto","1","224285651"
"Pauna","2022","Contratación régimen especial","3","15206000"
"Zetaquira","2022","Contratación régimen especial","25","134208347.42"
"Pisba","2025","Mínima cuantía","59","1731001808.38"
"Pauna","2025","Selección Abreviada de Menor Cuantía","9","2670826738.54"
"Cómbita","2025","Selección abreviada subasta inversa","3","478245333"
"San Eduardo","2024","Selección Abreviada de Menor Cuantía","4","860295981.91"
"Pisba","2020","Contratación régimen especial (con ofertas)","3","154294019"
"San Pablo De Borbur","2021","Contratación régimen especial (con ofertas)","3","619907945"
"Panqueba","2025","Contratación régimen especial (con ofertas)","4","751911550"
"Tópaga","2026","Contratación régimen especial (con ofertas)","5","1645967867.97"
"Tópaga","2025","Contratación régimen especial (con ofertas)","5","1469640420"
"Sogamoso","2026","Contratación régimen especial","1","22900200"
"Duitama","2024","Mínima cuantía","155","5243494043.28"
"San Pablo De Borbur","2025","Contratación directa","112","2897099641.02"
"Puerto Boyacá","2026","Contratación directa","334","9556719924"
"Nuevo Colón","2024","Contratación régimen especial (con ofertas)","8","971665837.57"
"Tota","2024","Contratación régimen especial (con ofertas)","9","1856165550.64"
"Cómbita","2022","Contratación régimen especial (con ofertas)","4","651970284"
"Nobsa","2026","Selección abreviada subasta inversa","6","2749004036"
"La Uvita","2023","Mínima cuantía","12","139419068.55"
"Boyacá","2025","Concurso de méritos abierto","3","785490510.42"
"Samacá","2026","Selección abreviada subasta inversa","3","612200000"
"Susacón","2026","Mínima cuantía","16","289313530.59"
"Gachantivá","2026","Contratación directa","30","572122000"
"No Definido","2023","Contratación directa","609","7182931908.25"
"Cubará","2022","Selección Abreviada de Menor Cuantía","1","192849324"
"Sogamoso","2024","Selección Abreviada de Menor Cuantía","26","7012612753.76"
"Aquitania","2023","Contratación régimen especial (con ofertas)","14","2133639757.92"
"Iza","2023","Mínima cuantía","6","83368928.3"
"Paipa","2024","Contratación directa","113","620767093019041"
"Tibasosa","2023","Licitación pública","1","720437684"
"Sotaquirá","2023","Contratación régimen especial (con ofertas)","9","2555197968.02"
"Miraflores","2024","Selección abreviada subasta inversa","3","1082464026.74"
"Corrales","2024","Selección abreviada subasta inversa","1","51355000"
"Sativanorte","2026","Contratación régimen especial (con ofertas)","6","970870149.98"
"Cómbita","2024","Selección Abreviada de Menor Cuantía","10","2395192994.96"
"Buenavista","2024","Contratación régimen especial (con ofertas)","13","1700786067.55"
"Chita","2024","Contratación régimen especial (con ofertas)","3","1263545115.48"
"Pauna","2025","Contratación régimen especial (con ofertas)","10","2643304643.28"
"San Mateo","2025","Contratación directa","72","1543444401.75"
"Paya","2026","Selección Abreviada de Menor Cuantía","1","300000000"
"Chitaraque","2025","Mínima cuantía","57","1673255546.93"
"Corrales","2024","Contratación régimen especial (con ofertas)","7","1153375201.92"
"Sogamoso","2021","Mínima cuantía","196","4250063277.08"
"Buenavista","2025","Contratación directa","2","5786000"
"Aquitania","2022","Mínima cuantía","8","168027393"
"Miraflores","2020","Contratación régimen especial (con ofertas)","5","648631977"
"Moniquirá","2021","Contratación régimen especial","1","55907476"
"Miraflores","2026","Concurso de méritos abierto","1","104999997"
"Boyacá","2025","Selección Abreviada de Menor Cuantía","8","2170015567.83"
"Motavita","2024","Selección Abreviada de Menor Cuantía","6","1143596119.4"
"Somondoco","2023","Contratación directa","1","4336634.11"
"San Miguel De Sema","2023","Contratación régimen especial","30","17534255584.52"
"Arcabuco","2025","Contratación régimen especial","2","28786561"
"Iza","2026","Contratación directa","71","1134746388.0"
"Quípama","2025","Contratación Directa (con ofertas)","1","6000000"
"La Uvita","2025","Contratación régimen especial (con ofertas)","8","1289815739.16"
"No Definido","2024","Contratación régimen especial (con ofertas)","70","22993874011.99"
"Villa De Leyva","2022","Mínima cuantía","46","882172485.15"
"Tibasosa","2023","Contratación régimen especial (con ofertas)","19","6140226932.41"
"Villa De Leyva","2021","Selección abreviada subasta inversa","3","423105870"
"Moniquirá","2019","Contratación régimen especial","6","300163134"
"Tuta","2023","Concurso de méritos abierto","1","40915255"
"El Cocuy","2024","Selección abreviada subasta inversa","2","326743000"
"Tinjacá","2024","Contratación régimen especial (con ofertas)","8","657992933.86"
"Sutamarchán","2025","Contratación Directa (con ofertas)","2","525757296"
"San Pablo De Borbur","2025","Selección abreviada subasta inversa","3","459973984.4"
"Santa María","2023","Contratación régimen especial","2","97885128"
"Caldas","2020","Contratación régimen especial (con ofertas)","2","194779257"
"Aquitania","2025","Mínima cuantía","30","748977552.1"
"Tunja","2021","Contratación régimen especial","146","94817835774.32"
"Gachantivá","2024","Contratación directa","72","875346451"
"Chíquiza","2021","Contratación régimen especial (con ofertas)","2","138855000"
"Turmequé","2025","Contratación directa","3","134133141"
"Miraflores","2026","Mínima cuantía","37","973245702.21"
"Sativasur","2024","Concurso de méritos abierto","1","65734338"
"Berbeo","2026","Selección Abreviada de Menor Cuantía","3","560050184"
"Socotá","2024","Selección Abreviada de Menor Cuantía","7","1230112719.04"
"Paya","2017","Contratación Directa (con ofertas)","2","225887474"
"Pesca","2024","Contratación directa","109","1698855578.38"
"Garagoa","2026","Contratación régimen especial (con ofertas)","1","379995550"
"Ráquira","2024","Contratación régimen especial (con ofertas)","9","1899918172.26"
"Buenavista","2022","Contratación régimen especial (con ofertas)","3","522056457.26"
"Sativasur","2023","Contratación régimen especial (con ofertas)","2","122445345.48"
"No Definido","2024","Selección abreviada subasta inversa","41","10832207934.64"
"Zetaquira","2026","Contratación régimen especial","104","972538750"
"Zetaquira","2025","Contratación directa","1","301096557"
"Sativasur","2025","Enajenación de bienes con subasta","1","70600000"
"Chiquinquirá","2022","Licitación pública","3","5671307523"
"Miraflores","2022","Selección Abreviada de Menor Cuantía","1","59999919"
"Socha","2026","Contratación régimen especial","82","4112371655.88"
"Paz De Río","2026","Selección Abreviada de Menor Cuantía","1","168168690"
"Ventaquemada","2019","Contratación régimen especial (con ofertas)","1","200000000"
"Guateque","2026","Mínima cuantía","42","1077339505.74"
"Sativanorte","2023","Mínima cuantía","4","47135900"
"Berbeo","2023","Contratación régimen especial (con ofertas)","5","382426540"
"Macanal","2023","Contratación régimen especial","1","142857142.86"
"Iza","2020","Contratación régimen especial (con ofertas)","3","213730971"
"Santa Rosa De Viterbo","2023","Mínima cuantía","14","331008486"
"Corrales","2018","Contratación régimen especial (con ofertas)","4","244216364"
"Maripí","2023","Selección abreviada subasta inversa","1","52150000"
"Corrales","2023","Selección abreviada subasta inversa","1","57165281"
"Muzo","2021","Contratación régimen especial (con ofertas)","1","249477657"
"Sora","2026","Contratación Directa (con ofertas)","1","81000000"
"San Eduardo","2026","Mínima cuantía","25","568581623.28"
"Socotá","2019","Contratación régimen especial (con ofertas)","6","1081965689"
"Samacá","2026","Concurso de méritos abierto","3","551320730.93"
"Umbita","2024","Contratación régimen especial","4","375250297.14"
"Puerto Boyacá","2026","Licitación pública","3","13599116433"
"Chivor","2025","Contratación directa","2","54400000"
"Berbeo","2024","Concurso de méritos abierto","2","161483109.73"
"Macanal","2024","Selección Abreviada de Menor Cuantía","2","671539073"
"Sotaquirá","2024","Contratación directa","142","2665658498.39"
"Tipacoque","2022","Contratación régimen especial (con ofertas)","3","216394970"
"Covarachía","2024","Mínima cuantía","39","788548141.20"
"Motavita","2024","Contratación directa","99","1977934726.9"
"Tunja","2022","Licitación pública","21","52619941535.16"
"Macanal","2025","Contratación régimen especial (con ofertas)","9","3406315703.62"
"San Eduardo","2021","Contratación régimen especial (con ofertas)","4","339594213"
"Briceño","2026","Selección abreviada subasta inversa","1","137333334"
"Santa María","2025","Concurso de méritos abierto","1","100192320"
"Cómbita","2025","Contratación régimen especial (con ofertas)","9","2227697464"
"Boyacá","2026","Contratación régimen especial (con ofertas)","2","312246500"
"Briceño","2025","Selección abreviada subasta inversa","1","135000000"
"Puerto Boyacá","2025","Selección Abreviada de Menor Cuantía","16","3746108693"
"Sogamoso","2023","Selección Abreviada de Menor Cuantía","42","10369913610.01"
"Socotá","2020","Contratación régimen especial (con ofertas)","5","607326544"
"Duitama","2021","Contratación Directa (con ofertas)","10","2522693626"
"Maripí","2024","Selección Abreviada de Menor Cuantía","8","1495403623.73"
"El Cocuy","2026","Licitación pública Obra Publica","2","1836602592.19"
"Villa De Leyva","2025","Licitación pública Obra Publica","1","414495230.64"
"Briceño","2024","Enajenación de bienes con sobre cerrado","1","62000000"
"Chiquinquirá","2025","Licitación pública","1","1460921143.32"
"Chiquinquirá","2022","Selección Abreviada de Menor Cuantía","21","3317632025.24"
"Tibasosa","2022","Contratación directa","23","2455010270.18"
"Miraflores","2026","Selección Abreviada de Menor Cuantía","3","648179732"
"El Cocuy","2024","Contratación régimen especial (con ofertas)","2","316171560"
"Puerto Boyacá","2022","Selección abreviada subasta inversa","24","7244034287"
"Guateque","2025","Contratación régimen especial (con ofertas)","31","15998878744.54"
"Moniquirá","2025","Contratación directa","303","10787478990.95"
"Saboyá","2022","Contratación régimen especial (con ofertas)","2","554772624.78"
"Ramiriquí","2024","Contratación régimen especial","2","2325969551.95"
"Cerinza","2023","Mínima cuantía","6","109205188"
"Siachoque","2026","Contratación régimen especial (con ofertas)","5","2642711410.43"
"Moniquirá","2024","Mínima cuantía","62","1430614823.8"
"No Definido","2024","Contratación Directa (con ofertas)","2","214291000"
"Pauna","2026","Contratación régimen especial (con ofertas)","3","1133865402.19"
"Chíquiza","2018","Contratación régimen especial (con ofertas)","1","175264098.97"
"Aquitania","2023","Concurso de méritos abierto","3","545486101"
"Miraflores","2022","Contratación régimen especial","6","132071200"
"Cerinza","2023","Contratación directa","11","40181958"
"Soracá","2024","Contratación régimen especial (con ofertas)","8","2751492494.20"
"Ráquira","2025","Contratación directa","46","831997633.8"
"Sogamoso","2024","Contratación régimen especial (con ofertas)","17","17488936060.21"
"Miraflores","2026","Contratación directa","110","2578678375.98"
"San Pablo De Borbur","2025","Licitación pública","1","819145000"
"Villa De Leyva","2022","Concurso de méritos abierto","5","406553978.41"
"Miraflores","2021","Contratación régimen especial (con ofertas)","8","1495621514"
"Boavita","2024","Contratación directa","127","1919996073"
"Toca","2023","Contratación régimen especial","65","957463187"
"Berbeo","2024","Selección Abreviada de Menor Cuantía","4","759315289.89"
"San Pablo De Borbur","2025","Contratación Directa (con ofertas)","2","213158852.14"
"La Uvita","2023","Contratación directa","49","292189552"
"Ramiriquí","2024","Selección Abreviada de Menor Cuantía","14","2951697962.96"
"Maripí","2026","Contratación régimen especial (con ofertas)","6","2829540527.95"
"Santa Rosa De Viterbo","2025","Mínima cuantía","12","422094174"
"Maripí","2024","Selección abreviada subasta inversa","2","441648583"
"Oicatá","2026","Contratación régimen especial (con ofertas)","7","709671613.98"
"Oicatá","2025","Concurso de méritos abierto","1","650000000"
"Socotá","2022","Contratación régimen especial (con ofertas)","9","2009211297.76"
"Pauna","2023","Mínima cuantía","1","42072400"
"Santana","2024","Mínima cuantía","34","638713363.70"
"Coper","2024","Selección Abreviada de Menor Cuantía","5","1051504639.51"
"Moniquirá","2022","Selección Abreviada de Menor Cuantía","2","284297117"
"Pesca","2026","Contratación directa","98","1737346281"
"Duitama","2025","Selección Abreviada de Menor Cuantía","22","8730207154.61"
"No Definido","2021","Mínima cuantía","96","2615480174.47"
"Sora","2024","Selección abreviada subasta inversa","3","418501416.82"
"Nobsa","2020","Contratación régimen especial (con ofertas)","2","220601112"
"Cerinza","2022","Contratación régimen especial (con ofertas)","7","911564485.08"
"Saboyá","2026","Contratación régimen especial (con ofertas)","4","2788475284.42"
"Sáchica","2018","Contratación régimen especial (con ofertas)","5","645569122.62"
"Chivatá","2026","Contratación directa","36","895100630.91"
"Pauna","2024","Contratación régimen especial (con ofertas)","7","1835493453.05"
"Paipa","2023","Contratación directa","110","1268998899.67"
"Guateque","2025","Selección abreviada subasta inversa","9","2354291009.25"
"Jenesano","2019","Contratación régimen especial","2","662487977.98"
"Moniquirá","2019","Contratación directa","1","76271200"
"Firavitoba","2026","Contratación régimen especial (con ofertas)","6","1836810072.97"
"Belén","2022","Contratación régimen especial (con ofertas)","1","197877000"
"Samacá","2022","Contratación directa","17","209656000"
"Santa María","2025","Selección abreviada subasta inversa","5","667118693"
"Campohermoso","2019","Contratación régimen especial (con ofertas)","3","432121410"
"Boyacá","2026","Mínima cuantía","37","1084593682.82"
"Aquitania","2025","Contratación régimen especial (con ofertas)","3","3861215454"
"Macanal","2023","Selección Abreviada de Menor Cuantía","1","229900000"
"Boavita","2026","Mínima cuantía","37","989755206.19"
"Chita","2025","Selección abreviada subasta inversa","3","450000000"
"Puerto Boyacá","2023","Contratación régimen especial (con ofertas)","5","8712798978"
"Maripí","2025","Contratación directa","125","4258001846"
"Tunja","2024","Contratación régimen especial","1279","396458745049.06"
"Socotá","2026","Selección abreviada subasta inversa","4","1446645000"
"Nuevo Colón","2025","Mínima cuantía","36","800279234.72"
"Moniquirá","2026","Contratación directa","212","5088986998.84"
"Maripí","2025","Licitación pública","1","958047000"
"Viracachá","2026","Contratación régimen especial (con ofertas)","2","649991681.98"
"Tuta","2024","Selección Abreviada de Menor Cuantía","9","1763117726.69"
"Oicatá","2020","Contratación régimen especial (con ofertas)","2","93219369"
"San Mateo","2024","Contratación régimen especial","1","9375000"
"Puerto Boyacá","2023","Enajenación de bienes con subasta","3","194716000"
"Sativasur","2025","Mínima cuantía","18","355173733.87"
"Guateque","2025","Mínima cuantía","81","1852852047.69"
"Covarachía","2025","Selección abreviada subasta inversa","3","888989726"
"Saboyá","2018","Contratación régimen especial (con ofertas)","3","605194540"
"Sativanorte","2023","Contratación régimen especial (con ofertas)","8","882684123.90"
"Macanal","2026","Licitación pública Obra Publica","1","8255640735.77"
"Ráquira","2026","Contratación directa","67","1267905622.1"
"Boyacá","2024","Mínima cuantía","61","1354188724.40"
"Puerto Boyacá","2024","Contratación régimen especial (con ofertas)","16","39840656154.43"
"Chita","2024","Contratación Directa (con ofertas)","1","24500000"
"Tunja","2021","Licitación pública Obra Publica","14","57527493991.73"
"Maripí","2023","Mínima cuantía","9","166968360"
"Belén","2024","Licitación pública","1","715978896"
"Sogamoso","2025","Selección Abreviada de Menor Cuantía","22","7013518717.54"
"Santa Rosa De Viterbo","2019","Mínima cuantía","47","483650260"
"Villa De Leyva","2025","Contratación directa","280","10267860289.79"
"Ciénega","2022","Contratación régimen especial (con ofertas)","1","328220424"
"Nobsa","2026","Contratación régimen especial","2","257071645"
"Santa María","2026","Mínima cuantía","33","1106610155.79"
"Páez","2022","Contratación régimen especial (con ofertas)","1","114659400"
"Rondón","2021","Contratación régimen especial","1","76815310"
"Samacá","2023","Mínima cuantía","6","208433945.48"
"Nobsa","2026","Selección Abreviada de Menor Cuantía","5","1232157365"
"Nuevo Colón","2022","Contratación régimen especial","18","247534247"
"Tunja","2026","No Definido","2","44340000"
"Gachantivá","2024","Contratación régimen especial (con ofertas)","4","539983042.59"
"San José De Pare","2024","Contratación régimen especial (con ofertas)","8","912201681.83"
"Monguí","2025","Seleccion Abreviada Menor Cuantia Sin Manifestacion Interes","1","200000000"
"El Cocuy","2026","Selección abreviada subasta inversa","4","565707430"
"Sutamarchán","2026","Mínima cuantía","30","680417905.54"
"Villa De Leyva","2022","Licitación pública","2","813410169"
"Tinjacá","2025","Selección Abreviada de Menor Cuantía","11","1676854271.09"
"Tuta","2023","Licitación pública Obra Publica","1","979577406.41"
"Zetaquira","2025","Contratación régimen especial (con ofertas)","1","542476776"
"Pisba","2024","Selección Abreviada de Menor Cuantía","9","1277737985"
"Nuevo Colón","2024","Selección abreviada subasta inversa","2","123448932"
"San Mateo","2024","Mínima cuantía","32","544902214.64"
"Tunja","2023","Contratación Directa (con ofertas)","187","74498350091.96"
"Zetaquira","2025","Contratación régimen especial","175","2444374841"
"Cucaita","2024","Selección Abreviada de Menor Cuantía","5","673203188"
"Cuítiva","2020","Contratación régimen especial (con ofertas)","2","125639223"
"Motavita","2026","Mínima cuantía","22","363902133.18"
"Covarachía","2026","Contratación régimen especial","4","1737286050"
"El Cocuy","2025","Contratación régimen especial","1","15000000"
"Panqueba","2024","Contratación régimen especial (con ofertas)","5","563428584.55"
"Paya","2024","Selección abreviada subasta inversa","7","1632274077.11"
"Siachoque","2024","Contratación régimen especial (con ofertas)","13","3409255487.66"
"Somondoco","2024","Mínima cuantía","64","1349807048.07"
"Cómbita","2019","Contratación régimen especial","1","266914000"
"San Pablo De Borbur","2024","Selección Abreviada de Menor Cuantía","8","2310455851.22"
"Tinjacá","2026","Contratación régimen especial (con ofertas)","4","1007134485.47"
"Tipacoque","2024","Contratación régimen especial (con ofertas)","2","589611500"
"Chiquinquirá","2025","Mínima cuantía","70","1635996266"
"Boyacá","2022","Selección Abreviada de Menor Cuantía","1","29482789"
"Guateque","2026","Contratación régimen especial (con ofertas)","31","11004334364.6"
"Santa María","2023","Contratación Directa (con ofertas)","1","3378585"
"Tunja","2020","Contratación Directa (con ofertas)","31","5007049264.16"
"Sativasur","2022","Contratación régimen especial (con ofertas)","4","490653372.63"
"Coper","2026","Selección Abreviada de Menor Cuantía","6","1467870386.71"
"Miraflores","2025","Concurso de méritos abierto","1","126056700"
"Chiquinquirá","2026","Contratación régimen especial","14","222786268"
"Villa De Leyva","2022","Contratación régimen especial","2","153549100"
"Rondón","2018","Contratación régimen especial (con ofertas)","1","100207795"
"Ciénega","2021","Contratación régimen especial (con ofertas)","1","153622000"
"Pesca","2019","Contratación régimen especial","2","1014458970"
"Chíquiza","2024","Contratación régimen especial (con ofertas)","1","63248850"
"Berbeo","2024","Selección abreviada subasta inversa","1","52700000"
"Tota","2025","Contratación Directa (con ofertas)","5","1035299841.56"
"Paz De Río","2025","Mínima cuantía","41","736750756.50"
"Boavita","2026","Contratación régimen especial (con ofertas)","1","733367953"
"Tuta","2025","Licitación pública Obra Publica","2","2976716879.14"
"Cucaita","2023","Contratación régimen especial","5","48586086.96"
"Floresta","2026","Contratación directa","56","1136082274"
"Chíquiza","2020","Contratación régimen especial (con ofertas)","2","268068473"
"Villa De Leyva","2024","Contratación régimen especial (con ofertas)","15","5104815556.40"
"Floresta","2024","Contratación régimen especial (con ofertas)","8","1219636450.82"
"Sutamarchán","2024","Contratación Directa (con ofertas)","2","30936000"
"Moniquirá","2025","Contratación régimen especial (con ofertas)","7","5859864550.09"
"Pesca","2024","Concurso de méritos abierto","1","60000000"
"Macanal","2026","Contratación régimen especial (con ofertas)","3","1261982662.47"
"Pauna","2024","Selección Abreviada de Menor Cuantía","6","1229798002.23"
"Chitaraque","2018","Contratación régimen especial","1","243784800"
"No Definido","2020","Mínima cuantía","121","4493947143.9"
"Belén","2023","Mínima cuantía","10","237703598.75"
"La Uvita","2018","Contratación régimen especial (con ofertas)","2","91150000"
"Gameza","2023","Contratación régimen especial (con ofertas)","8","1420838893.24"
"Macanal","2021","Contratación régimen especial (con ofertas)","7","1183933581.02"
"Villa De Leyva","2021","Concurso de méritos abierto","1","190000000"
"San Mateo","2024","Selección Abreviada de Menor Cuantía","4","504024536.82"
"Chivatá","2023","Contratación régimen especial","1","14689500"
"Caldas","2023","Contratación régimen especial","2","103083684"
"Ramiriquí","2026","Licitación pública","1","983388112.38"
"Tibasosa","2025","Selección Abreviada de Menor Cuantía","17","4518046181.91"
"Pisba","2026","Mínima cuantía","24","765733434.39"
"Santa Sofía","2020","Contratación régimen especial (con ofertas)","1","134207515"
"Cerinza","2025","Contratación régimen especial (con ofertas)","14","1200264457.67"
"Ramiriquí","2026","Concurso de méritos abierto","1","285086304.37"
"Tota","2024","Selección abreviada subasta inversa","1","175448251"
